CREATE DATABASE  IF NOT EXISTS `hocai` /*!40100 DEFAULT CHARACTER SET utf8mb4 COLLATE utf8mb4_0900_ai_ci */ /*!80016 DEFAULT ENCRYPTION='N' */;
USE `hocai`;
-- MySQL dump 10.13  Distrib 8.0.41, for macos15 (arm64)
--
-- Host: localhost    Database: hocai
-- ------------------------------------------------------
-- Server version	9.2.0

/*!40101 SET @OLD_CHARACTER_SET_CLIENT=@@CHARACTER_SET_CLIENT */;
/*!40101 SET @OLD_CHARACTER_SET_RESULTS=@@CHARACTER_SET_RESULTS */;
/*!40101 SET @OLD_COLLATION_CONNECTION=@@COLLATION_CONNECTION */;
/*!50503 SET NAMES utf8 */;
/*!40103 SET @OLD_TIME_ZONE=@@TIME_ZONE */;
/*!40103 SET TIME_ZONE='+00:00' */;
/*!40014 SET @OLD_UNIQUE_CHECKS=@@UNIQUE_CHECKS, UNIQUE_CHECKS=0 */;
/*!40014 SET @OLD_FOREIGN_KEY_CHECKS=@@FOREIGN_KEY_CHECKS, FOREIGN_KEY_CHECKS=0 */;
/*!40101 SET @OLD_SQL_MODE=@@SQL_MODE, SQL_MODE='NO_AUTO_VALUE_ON_ZERO' */;
/*!40111 SET @OLD_SQL_NOTES=@@SQL_NOTES, SQL_NOTES=0 */;

--
-- Table structure for table `chapter_list`
--

DROP TABLE IF EXISTS `chapter_list`;
/*!40101 SET @saved_cs_client     = @@character_set_client */;
/*!50503 SET character_set_client = utf8mb4 */;
CREATE TABLE `chapter_list` (
  `id_chapter` varchar(45) NOT NULL,
  `id_course` varchar(45) NOT NULL,
  `name_chapter` text NOT NULL,
  PRIMARY KEY (`id_chapter`,`id_course`)
) ENGINE=InnoDB DEFAULT CHARSET=utf8mb4 COLLATE=utf8mb4_0900_ai_ci;
/*!40101 SET character_set_client = @saved_cs_client */;

--
-- Dumping data for table `chapter_list`
--

LOCK TABLES `chapter_list` WRITE;
/*!40000 ALTER TABLE `chapter_list` DISABLE KEYS */;
INSERT INTO `chapter_list` VALUES ('c1','cbai','TÌM HIỂU VỀ CHATBOT AI'),('c1','gm','TÌM HIỂU VỀ GAMMA AI'),('c1','kh','TÌM HIỂU VỀ KAHOOT'),('c2','cbai','TÌM HIỂU VỀ CHATGPT'),('c2','gm','HƯỚNG DẪN TẠO SLIDE'),('c2','kh','TẠO BÀI KIỂM TRA/CÂU HỎI'),('c3','cbai','CÁCH KẾT HỢP GIỮA CÁC CÔNG CỤ CHATBOT AI'),('c3','gm','TẠO HÌNH ẢNH AI'),('c3','kh','TỔ CHỨC BÀI KIỂM TRA'),('c4','kh','CÁC TÍNH NĂNG NÂNG CAO');
/*!40000 ALTER TABLE `chapter_list` ENABLE KEYS */;
UNLOCK TABLES;

--
-- Table structure for table `course_list`
--

DROP TABLE IF EXISTS `course_list`;
/*!40101 SET @saved_cs_client     = @@character_set_client */;
/*!50503 SET character_set_client = utf8mb4 */;
CREATE TABLE `course_list` (
  `id_course` varchar(45) NOT NULL,
  `name_course` text CHARACTER SET utf8mb4 COLLATE utf8mb4_0900_ai_ci NOT NULL,
  `url` text,
  `content` mediumtext CHARACTER SET utf8mb3 COLLATE utf8mb3_general_ci,
  PRIMARY KEY (`id_course`)
) ENGINE=InnoDB DEFAULT CHARSET=utf8mb4 COLLATE=utf8mb4_0900_ai_ci;
/*!40101 SET character_set_client = @saved_cs_client */;

--
-- Dumping data for table `course_list`
--

LOCK TABLES `course_list` WRITE;
/*!40000 ALTER TABLE `course_list` DISABLE KEYS */;
INSERT INTO `course_list` VALUES ('cbai','Chatbot AI','/images/brand/chatgpt.png','<p>Trong thời đại công nghệ bùng nổ, khả năng giao tiếp và tương tác hiệu quả với trí tuệ nhân tạo (AI) đã trở thành một kỹ năng quan trọng, quyết định năng suất và khả năng cạnh tranh trên thị trường lao động. Giáo dục cũng đang dần thay đổi vì sự phát triển như vũ bão của trí tuệ nhân tạo, từ học sinh cho tới giáo viên, nhận thấy trong quá trình sử dụng các ứng dụng AI, mọi người đều chưa sử dụng hiệu quả, tối ưu các công cụ, hocAI đã quyết định tạo khoá học về Chatbot AI ( đặc biệt là ChatGPT - ứng dụng chatbot AI phổ biến và thông minh nhất ) để giúp mọi người hiểu sâu hơn về Chatbot AI, và cách sử dụng sao cho tối ưu và chính xác nhất trong tạo văn bản, hình ảnh, video,...</p><p><strong>Khoá học của hocAI sẽ mang đến cho bạn những kiến thức:</strong> <ul><li>Chương 1: Tìm hiểu về Chatbot AI</li><li> Chương 2: Tìm hiểu về ChatGPT - công cụ tốt nhất thế giới</li><li>Chương 3: Cách sử dụng kết hợp giữa các công cụ AI</li></ul></p> '),('gm','Gamma AI','/images/brand/gamma.jpg','<p>Gamma AI là một công cụ hỗ trợ giảng dạy hiện đại, giúp giáo viên tạo slide bài giảng nhanh chóng, chuyên nghiệp và trực quan chỉ với vài dòng mô tả. Với sự hỗ trợ của trí tuệ nhân tạo, Gamma AI có thể tự động thiết kế các slide đẹp mắt, sắp xếp nội dung logic, chèn hình ảnh minh họa phù hợp và đề xuất bố cục trình bày hiệu quả. Nhờ đó, giáo viên có thể tiết kiệm thời gian soạn bài, tập trung hơn vào việc thiết kế hoạt động giảng dạy, tương tác và truyền cảm hứng cho học sinh. Đây là công cụ lý tưởng cho các thầy cô muốn đổi mới phương pháp giảng dạy và nâng cao trải nghiệm học tập trong lớp học hiện đại.</p> <p><strong>Khoá học này của hocAI sẽ mang đến cho bạn những kiến thức:</strong> <ul><li>Chương 1: Tìm hiểu về Gamma AI</li><li> Chương 2: Hướng dẫn tạo slide tự động</li><li>Chương 3: Những điều cần ghi nhớ khi sử dụng</li></ul></p><p>Sau khi hoàn thành khoá học bạn sẽ được trang bị kỹ năng tạo slide nhanh chóng, giúp tiết kiệm thời gian khi soạn thảo</p> '),('kh','Kahoot','/images/logo/kahoot.png','<p>Khóa học \"Hướng dẫn sử dụng Kahoot\" được thiết kế nhằm giúp học viên làm quen và thành thạo việc sử dụng nền tảng Kahoot! cho mục đích giảng dạy, học tập và tổ chức trò chơi tương tác. \n<ul><li>Cung cấp nền tảng kiến thức về tài khoản, đăng nhập và đăng ký. </li> \n<li>Hướng dẫn chi tiết cách tạo bài kiểm tra và bài học sinh động. </li> \n<li>Thực hành kỹ thuật thêm câu hỏi, sử dụng hình ảnh, file Excel. </li> \n<li>Tổ chức và quản lý bài kiểm tra, trích xuất báo cáo chi tiết. </li> \n<i>Phù hợp cho: Giáo viên, học sinh, sinh viên, nhà đào tạo và bất kỳ ai muốn ứng dụng Kahoot trong học tập, đào tạo.</i></p> ');
/*!40000 ALTER TABLE `course_list` ENABLE KEYS */;
UNLOCK TABLES;

--
-- Table structure for table `lesson_cmt`
--

DROP TABLE IF EXISTS `lesson_cmt`;
/*!40101 SET @saved_cs_client     = @@character_set_client */;
/*!50503 SET character_set_client = utf8mb4 */;
CREATE TABLE `lesson_cmt` (
  `id_lesson` varchar(45) NOT NULL,
  `id_course` varchar(45) NOT NULL,
  `id_chapter` varchar(20) NOT NULL,
  `id_cmt` int NOT NULL AUTO_INCREMENT,
  PRIMARY KEY (`id_cmt`)
) ENGINE=InnoDB AUTO_INCREMENT=4 DEFAULT CHARSET=utf8mb4 COLLATE=utf8mb4_0900_ai_ci;
/*!40101 SET character_set_client = @saved_cs_client */;

--
-- Dumping data for table `lesson_cmt`
--

LOCK TABLES `lesson_cmt` WRITE;
/*!40000 ALTER TABLE `lesson_cmt` DISABLE KEYS */;
INSERT INTO `lesson_cmt` VALUES ('1','cbai','c1',1),('2','cbai','c1',2),('10','kh','c4',3);
/*!40000 ALTER TABLE `lesson_cmt` ENABLE KEYS */;
UNLOCK TABLES;

--
-- Table structure for table `lesson_content`
--

DROP TABLE IF EXISTS `lesson_content`;
/*!40101 SET @saved_cs_client     = @@character_set_client */;
/*!50503 SET character_set_client = utf8mb4 */;
CREATE TABLE `lesson_content` (
  `id_lesson` varchar(45) NOT NULL,
  `id_course` varchar(45) NOT NULL,
  `id_chapter` varchar(20) NOT NULL,
  `review` mediumtext,
  `content` mediumtext CHARACTER SET utf8mb4 COLLATE utf8mb4_0900_ai_ci,
  `url` text,
  PRIMARY KEY (`id_lesson`,`id_course`,`id_chapter`),
  KEY `frk_course_idx` (`id_course`),
  KEY `frk_chapter_idx` (`id_chapter`)
) ENGINE=InnoDB DEFAULT CHARSET=utf8mb4 COLLATE=utf8mb4_0900_ai_ci;
/*!40101 SET character_set_client = @saved_cs_client */;

--
-- Dumping data for table `lesson_content`
--

LOCK TABLES `lesson_content` WRITE;
/*!40000 ALTER TABLE `lesson_content` DISABLE KEYS */;
INSERT INTO `lesson_content` VALUES ('1','cbai','c1','<p>Trong thời đại công nghệ số hiện nay, các phần mềm AI Chat (hay còn gọi là chatbot AI, là phần mềm mô phỏng cuộc trò chuyện giữa người với người dùng thông qua các thuật toán trí tuệ nhân tạo ) ngày càng trở nên phổ biến nhờ tính năng tra cứu thông minh và khả năng trò chuyện hấp dẫn</p> ','<p>Có hai loại chatbot AI cơ bản:<ul><li><strong>Chatbot dựa trên quy tắc: </strong>Phản hồi theo các mẫu dữ liệu đầu vào cụ thể với các câu trả lời đã được chuẩn bị sẵn, dựa trên quy tắc đã định trước.</li><li><strong>Chatbot hỗ trợ AI:</strong> Sử dụng mạng thần kinh nhân tạo và thuật toán học máy để cải thiện khả năng hiểu biết và phát triển kỹ năng giao tiếp theo thời gian.</li></ul></p><p>Một số Chatbot AI hiện tại: ChatGPT, Sora AI (OpenAI); Deepseek; Gemini(Google); Meta AI ( Meta),….Chatbot AI hoạt động dựa trên quy trình phức tạp, trong đó, xử lý ngôn ngữ tự nhiên đóng vai trò then chốt. Dưới đây là các bước chính trong quá trình vận hành của một AI Chat:<ul><li><strong>Xử lý và phân tích đầu vào: </strong>Chatbot AI thu thập và lưu trữ thông tin từ các cuộc hội thoại. Bằng cách áp dụng các thuật toán học máy, chatbot phân tích dữ liệu để phát hiện các mẫu và xu hướng trong giao tiếp. Quá trình này giúp chatbot cải thiện khả năng tương tác và đáp ứng. </li><li><strong> Phân tích ngôn ngữ và tạo phản hồi: </strong>  Chatbot AI sử dụng công nghệ xử lý ngôn ngữ tự nhiên để hiểu và phân tích ngôn ngữ của người dùng. Sau đó, ứng dụng sẽ tạo ra phản hồi dựa trên các quy tắc và dữ liệu đã thu thập, gửi qua văn bản hoặc giọng nói để đáp ứng một cách trực tiếp các yêu cầu của người dùng. </li></ul</p> ','/images/course/cbai/b1.jpg'),('1','gm','c1','<p>Gamma AI là một công cụ trí tuệ nhân tạo miễn phí giúp người dùng tạo các bài thuyết trình, trang web và tài liệu trực quan một cách nhanh chóng và dễ dàng mà không cần kỹ năng thiết kế hay lập trình.Gamma AI được đánh giá là một công cụ đột phá trong việc hỗ trợ giáo viên và học sinh tạo các bài giảng, bài thuyết trình trực quan, sinh động và dễ hiểu.</p> ','<ul><li><strong>Giúp giáo viên tạo bài giảng chuyên nghiệp và hấp dẫn:</strong>Gamma cung cấp nhiều mẫu thiết kế sẵn, hỗ trợ thêm hình ảnh, video và hiệu ứng, giúp truyền đạt các khái niệm phức tạp một cách trực quan, từ đó nâng cao hiệu quả giảng dạy.</li><li><strong>Tăng cường tương tác trong lớp học:</strong> Giáo viên có thể tạo các bài thuyết trình có tính tương tác như câu hỏi trắc nghiệm, thảo luận nhóm, giúp học sinh tham gia tích cực và giáo viên đánh giá nhanh khả năng tiếp thu. </li><li><strong>Hỗ trợ học sinh, sinh viên nâng cao kỹ năng:</strong>Người học dễ dàng tạo bài thuyết trình đẹp mắt mà không cần kỹ năng thiết kế, đồng thời có thể cộng tác trực tuyến trên cùng một tài liệu, thúc đẩy kỹ năng làm việc nhóm </li> <li> <strong>Tạo tài liệu học tập và ôn tập hiệu quả:</strong> Gamma hỗ trợ tạo biểu đồ, sơ đồ, bản đồ tư duy giúp tổ chức thông tin khoa học, giúp học sinh ghi nhớ lâu hơn.</li> <li><strong>Hỗ trợ các trường học trong quản lý và báo cáo:</strong> Các cơ sở giáo dục có thể dùng Gamma để tạo báo cáo tiến độ giảng dạy, phân tích hiệu quả giáo dục với các mẫu trực quan dễ chỉnh sửa </li></ul> ','/images/course/gm/b1.jpg'),('1','kh','c1','<ul><li><strong>Giới thiệu về Kahoot: công cụ học tập qua trò chơi.</strong></li><li><strong>Các loại tài khoản:</strong><ul><li>Basic (miễn phí)</li><li>Pro</li><li>Premium</li><li>EDU</li></ul></li><li><strong>Truy cập:</strong><ul><li><strong>Kahoot.com</strong> để tạo trò chơi</li><li><strong>Kahoot.it</strong> để tham gia trò chơi</li></ul></li><li><strong>Cách đăng ký tài khoản:</strong><ul><li>Sử dụng Email</li><li>Google</li><li>Microsoft</li></ul></li><li><strong>Xác nhận email khi đăng ký.</strong></li><li><strong>Các câu hỏi trắc nghiệm kiểm tra kỹ năng đăng ký và đăng nhập.</strong></li></ul>','<ol><li><strong>Giới thiệu Kahoot</strong><ul><li>Kahoot là một nền tảng học tập dựa trên trò chơi, cho phép giáo viên tạo các câu hỏi trắc nghiệm tương tác (quiz) để học sinh tham gia bằng điện thoại, máy tính bảng hoặc máy tính.</li><li>Kahoot giúp học sinh học mà chơi, chơi mà học, tăng sự hứng thú và tính tương tác trong lớp học.</li></ul></li><li><strong>Các loại tài khoản Kahoot</strong><ul><li><strong>Basic (miễn phí):</strong> Cho cá nhân, có giới hạn số người chơi và tính năng.</li><li><strong>Pro:</strong> Tăng số lượng người chơi, có thêm mẫu sẵn và báo cáo kết quả.</li><li><strong>Premium:</strong> Mở rộng hơn nữa, phù hợp cho giáo viên chuyên nghiệp.</li><li><strong>Kahoot! EDU:</strong> Dành cho tổ chức giáo dục lớn, có nhiều công cụ quản lý và chia sẻ.</li></ul></li><li><strong>Truy cập vào Kahoot</strong><ul><li><strong>Tạo trò chơi:</strong> Truy cập <a href=\"https://kahoot.com\" target=\"_blank\">kahoot.com</a></li><li><strong>Tham gia trò chơi:</strong> Truy cập <a href=\"https://kahoot.it\" target=\"_blank\">kahoot.it</a>, nhập mã PIN để tham gia.</li></ul></li><li><strong>Hướng dẫn đăng ký tài khoản</strong><ul><li>Truy cập <a href=\"https://kahoot.com\" target=\"_blank\">kahoot.com</a> và chọn \"Sign up\".</li><li>Chọn loại người dùng: giáo viên, học sinh, cá nhân,...</li><li>Chọn phương thức đăng ký: Email, Google hoặc Microsoft.</li><li>Xác nhận email bằng cách nhấn vào liên kết trong email để kích hoạt tài khoản.</li></ul></li><li><strong>Hướng dẫn đăng nhập</strong><ul><li>Truy cập <a href=\"https://kahoot.com\" target=\"_blank\">kahoot.com</a></li><li>Nhấn \"Log in\" và chọn phương thức đăng nhập đã dùng để đăng ký.</li></ul></li></ol>','<iframe width=\"100%\" height=\"400\" src=\"https://www.youtube.com/embed/YQumxPYDlGs?si=HMipGTW3ySdecPw-\" title=\"YouTube video player\" frameborder=\"0\" allow=\"accelerometer; autoplay; clipboard-write; encrypted-media; gyroscope; picture-in-picture; web-share\" referrerpolicy=\"strict-origin-when-cross-origin\" allowfullscreen></iframe>'),('10','kh','c4','<ul><li>Thêm câu hỏi bằng file Excel mẫu (.xlsx)</li><li>Các bước tải file Excel lên hệ thống</li><li>Cách sửa lỗi dữ liệu khi nhập Excel</li></ul>','<ol><li><strong>Thêm câu hỏi bằng file Excel (.xlsx)</strong><ul><li>Tải về mẫu Excel từ Kahoot.</li><li>Nhập câu hỏi, đáp án, thời gian và điểm số theo định dạng mẫu.</li><li>Lưu file với đuôi .xlsx và không đổi định dạng cột.</li></ul></li><li><strong>Tải file lên Kahoot</strong><ul><li>Truy cập Kahoot, chọn \"Create\" > \"Import spreadsheet\".</li><li>Chọn file Excel đã hoàn chỉnh.</li><li>Hệ thống tự động chuyển dữ liệu từ bảng tính thành các câu hỏi.</li></ul></li><li><strong>Xử lý lỗi khi nhập Excel</strong><ul><li>Kiểm tra lỗi thường gặp như: thiếu đáp án đúng, sai định dạng cột, lỗi font chữ.</li><li>Kahoot sẽ hiển thị thông báo nếu có lỗi và chỉ rõ dòng bị lỗi.</li></ul></li></ol>','<iframe width=\"100%\" height=\"400\" src=\"https://www.youtube.com/embed/n50h1qkUCFs?si=RHu3LwdOUHOJfux_\" title=\"YouTube video player\" frameborder=\"0\" allow=\"accelerometer; autoplay; clipboard-write; encrypted-media; gyroscope; picture-in-picture; web-share\" referrerpolicy=\"strict-origin-when-cross-origin\" allowfullscreen></iframe>'),('11','kh','c4','<ul><li>Hướng dẫn cách truy cập mục Reports để xem kết quả bài kiểm tra Kahoot.</li><li>Các dạng thông tin có thể xem: tên người chơi, câu trả lời đúng/sai, điểm số, thời gian trả lời</li><li>Cách tải xuống báo cáo kết quả (.xlsx/.csv) để lưu trữ hoặc phân tích.</li><li>Hướng dẫn giáo viên sử dụng báo cáo để đánh giá năng lực học sinh và điều chỉnh bài kiểm tra.</li><li>Gợi ý sử dụng báo cáo Kahoot trong các buổi họp phụ huynh, đánh giá học kỳ.</li><li>Học sinh nhận phản hồi nhanh chóng sau mỗi lần kiểm tra.</li><li>Giáo viên có số liệu cụ thể để theo dõi tiến độ học tập.</li></ul>','<ol> <li><strong>Đăng nhập và truy cập báo cáo</strong> <ul> <li>Đăng nhập vào tài khoản Kahoot mà bạn đã sử dụng để tổ chức bài kiểm tra.</li> <li>Trên thanh điều hướng phía trên, chọn mục <strong>Reports</strong> để xem danh sách các báo cáo kết quả các lần chơi.</li> </ul> </li> <li><strong>Tải báo cáo kết quả về máy</strong> <ul> <li>Tìm báo cáo tương ứng với bài kiểm tra bạn muốn phân tích.</li> <li>Nhấn vào biểu tượng ba dấu chấm dọc (menu tùy chọn) bên cạnh báo cáo đó.</li> <li>Chọn <strong>Download report</strong> để tải file báo cáo về máy tính.</li> <li>Báo cáo sẽ được tải về dưới định dạng <strong>XLSX</strong> (file Excel) hoặc bạn có thể lưu trực tiếp vào Google Drive nếu đăng nhập đúng tài khoản Google.</li> <li>Lưu ý: Nếu bài kiểm tra có hơn 40 câu hỏi, báo cáo tải về chỉ chứa dữ liệu thô (raw data) để bạn tự tạo bảng, biểu đồ phân tích.</li> </ul> </li> <li><strong>Phân tích kết quả</strong> <ul> <li>Mở file Excel đã tải về, bạn sẽ thấy các thông tin chi tiết như: <ul> <li>Tên người chơi, điểm số từng câu hỏi, tổng điểm.</li> <li>Thời gian trả lời từng câu hỏi.</li> <li>Đáp án người chơi chọn và đáp án đúng.</li> </ul> </li> <li>Sử dụng các công cụ của Excel để: <ul> <li>Tạo bảng tổng hợp điểm số.</li> <li>Lập biểu đồ phân phối điểm, biểu đồ thời gian trả lời.</li> <li>Phân tích câu hỏi khó, câu hỏi nhiều người trả lời sai.</li> </ul> </li> <li>Bạn cũng có thể lọc, sắp xếp dữ liệu để xem kết quả theo nhóm người chơi hoặc theo từng câu hỏi cụ thể.</li> </ul> </li> <li><strong>Xuất kết quả sang định dạng khác (nếu cần)</strong> <ul> <li>Kahoot không hỗ trợ trực tiếp xuất báo cáo sang HTML, nhưng bạn có thể dùng Excel hoặc các phần mềm chuyển đổi để lưu file kết quả dưới dạng <strong>HTML</strong> hoặc <strong>CSV</strong> phục vụ cho việc đăng tải hoặc phân tích thêm.</li> <li>Ngoài ra, bạn có thể in hoặc lưu file Excel dưới dạng PDF để dễ dàng chia sẻ.</li> </ul> </li> <li><strong>Kiểm tra và sử dụng báo cáo trên nền tảng Kahoot</strong> <ul> <li>Bạn cũng có thể xem báo cáo trực tiếp trên nền tảng Kahoot mà không cần tải về.</li> <li>Điều này giúp bạn nhanh chóng nắm bắt kết quả tổng quan và điểm số của người chơi.</li> </ul> </li> </ol>','/images/course/kh/b11.jpg'),('12','kh','c4','<p>Kahoot hỗ trợ nhiều tính năng khác để hỗ trợ đa dạng thể loại, đa dạng người dùng. Bạn có thể tìm hiểu thêm trong quá trình sử dụng</p>','<ul><li><strong>Tạo trò chơi nhanh chóng và dễ dàng:</strong> Kahoot cho phép bạn tạo bộ câu hỏi trắc nghiệm chỉ trong vài phút với giao diện trực quan, hỗ trợ nhập liệu thủ công hoặc nhập hàng loạt qua file Excel.</li><li><strong>Hỗ trợ đa dạng loại câu hỏi:</strong> Ngoài câu hỏi trắc nghiệm cơ bản, Kahoot còn có các dạng câu hỏi như đúng/sai, điền từ, sắp xếp từ (Puzzle), Brainstorm (đưa ý tưởng và bình chọn), giúp trò chơi thêm phong phú và tương tác hơn.</li><li><strong>Chèn hình ảnh, video, âm thanh minh họa:</strong> Bạn có thể thêm hình ảnh, video YouTube hoặc âm thanh trực tiếp vào câu hỏi để làm sinh động và hấp dẫn bài kiểm tra.</li><li><strong>Chế độ Ghost (bóng ma):</strong> Tính năng cho phép người chơi cố gắng vượt qua điểm số cao nhất của chính mình trong các lần chơi trước đó, tạo động lực thi đua và cải thiện kết quả.</li><li><strong>Phân tích và báo cáo kết quả chi tiết:</strong> Người tạo câu hỏi có thể xem phân tích tổng quan về hiệu suất học tập của người chơi, bao gồm điểm số, thời gian trả lời, câu hỏi khó, giúp đánh giá và điều chỉnh nội dung phù hợp hơn.</li><li><strong>Sử dụng bộ câu hỏi có sẵn và chia sẻ cộng đồng:</strong> Kahoot cung cấp thư viện câu hỏi đa dạng do cộng đồng tạo ra, bạn có thể sao chép, chỉnh sửa hoặc sử dụng trực tiếp để tiết kiệm thời gian.</li><li><strong>Tương thích đa nền tảng và thiết bị:</strong> Kahoot hoạt động trên mọi thiết bị có kết nối Internet như điện thoại, máy tính bảng, laptop qua trình duyệt web hoặc ứng dụng iOS, Android.</li><li><strong>Tích hợp với các nền tảng khác:</strong> Phiên bản trả phí của Kahoot có thể tích hợp với Microsoft Teams và các nền tảng học tập trực tuyến khác để phối hợp tổ chức lớp học hoặc sự kiện.</li><li><strong>Chế độ chơi cá nhân và theo nhóm:</strong> Hỗ trợ chơi theo cá nhân hoặc theo đội nhóm, phù hợp với nhiều hình thức tổ chức khác nhau.</li><li><strong>Tùy chỉnh thời gian trả lời và điểm số:</strong> Bạn có thể thiết lập thời gian trả lời cho từng câu hỏi và điều chỉnh mức điểm chuẩn hoặc điểm gấp đôi, tạo sự linh hoạt trong cách đánh giá người chơi.</li><li><strong>Chế độ khảo sát và phản hồi:</strong> Sau mỗi bài kiểm tra, người học có thể gửi phản hồi giúp người tạo câu hỏi cải tiến nội dung và phương pháp giảng dạy.</li></ul>','/images/course/kh/b12.jpg'),('2','cbai','c1','<p>Kể từ khi ChatGPT tạo nên một \"cơn sốt\", nhiều hãng công nghệ lớn cũng đã nhanh chóng bắt tay vào xây dựng những công cụ chatbot tích hợp AI để cạnh tranh với ChatGPT, mở ra một cuộc đua về phát triển AI, có thể kể đến Gemini của Google, Qwen của Alibaba, Copilot của Microsoft hay Llama của Facebook…</p> ','<ul><li><strong>ChatGPT</strong>: ChatGPT với số lượng người dùng và đặt câu hỏi khổng lồ nên có lẽ đây là 1 trong những phần mềm có khả năng phản hồi chính xác và nhanh nhất, đặc biệt với những bản cập nhật mới và bản trả phí có thể hỗ trợ tạo video hoặc ảnh gần như chân thực với yêu cầu của người dùng. Tuy nhiên nếu bạn là người dùng miễn phí thì sẽ bị giới hạn khá nhiều, đặc biệt là tính năng phân tích dữ liệu, tạo ảnh ( 3 ảnh/ ngày ), hỏi bằng ảnh, file ( 3 file/12 tiếng ),….</li><li><strong> Claude AI</strong>: Claude AI là chatbot tích hợp AI được phát triển bởi Anthropic, công ty khởi nghiệp chuyên phát triển trí tuệ nhân tạo có trụ sở tại San Francisco, Mỹ. Dù tên tuổi có phần xa lạ với phần lớn người dùng tại Việt Nam, Claude AI được đánh giá là một trong những chatbot AI thông minh nhất hiện nay, công cụ này cho phép trả lời các câu hỏi của người dùng, tạo ra các bài viết theo từng nội dung cụ thể, soạn thảo email… Claude AI cũng được đánh giá cao ở khả năng dịch thuật, bao gồm dịch từ các ngôn ngữ khác nhau ra tiếng Việt. </li><li><strong> Gemini</strong>: Chatbot AI Gemini được Google giới thiệu vào tháng 12 năm ngoái. Google khẳng định rằng sự ra đời của Gemini sẽ là một bước tiến vượt bậc, làm ảnh hưởng và thay đổi hầu hết các sản phẩm của công ty trong tương lai. Đây là 1 trong những chatbot AI tốt nhất dành cho người dùng KHÔNG TRẢ PHÍ ( DeepSeek cũng vậy !!! ) </li></ul> ','/images/course/cbai/b2.jpg'),('2','gm','c1','<p>Hướng dẫn sử dụng, tạo tài khoản, các thao tác chính trên Gamma AI</p>','<p><strong>Tạo tài khoản Gamma AI:</strong><ul><li>Truy cập trang web chính thức của Gamma AI tại https://gamma.app/.</li><li>Nhấn vào nút Sign Up hoặc Đăng ký.</li> <li>Bạn có thể đăng ký nhanh bằng tài khoản Gmail hoặc email cá nhân, điền các thông tin cơ bản như tên, email, mật khẩu.</li><li>Xác nhận email qua link gửi đến hộp thư để kích hoạt tài khoản.</li><li>Phiên bản miễn phí cho phép tạo tối đa 10 slide mỗi bài thuyết trình và sử dụng các tính năng AI cơ bản.</li></ul></p><p><strong>Đăng nhập và làm quen giao diện:</strong><ul><li>Tạo bản trình bày mới (Create new)</li><li>Sửa bản trình bày hiện có</li><li>Tạo bản trình bày từ mẫu (Templates)</li></ul></p><p><strong>Tạo bài thuyết trình mới:</strong><ul><li>Chọn Create new (Tạo mới).</li><li>Chọn định dạng bạn muốn tạo, ví dụ Presentation (bài thuyết trình), hoặc có thể chọn tạo tài liệu (Document) hoặc trang web (Webpage).</li><li>Nhập các thông tin cơ bản về bài thuyết trình như chủ đề, mục đích, đối tượng khán giả, hoặc copy nội dung có sẵn để Gamma AI xử lý.</li><li>Nhấn nút Gửi hoặc Generate để hệ thống bắt đầu tạo slide tự động. Gamma AI sẽ phân tích và đề xuất các bố cục slide phù hợp, bạn chọn bố cục mong muốn và tiếp tục.</li></ul></p><p><strong>Sau khi Gamma AI tạo bản nháp slide, bạn có thể chỉnh sửa trực tiếp trên giao diện:</strong><ul><li>Thêm, xóa slide</li><li>Sửa nội dung, hình ảnh, màu sắc, font chữ</li><li>Thêm hiệu ứng chuyển tiếp, âm thanh để bài thuyết trình sinh động hơn.</li><li>Công cụ cho phép tùy chỉnh dễ dàng, phù hợp với phong cách và mục đích sử dụng của bạn.</li></ul></p><p>Khi hoàn tất, bạn có thể xuất bài thuyết trình ra định dạng PowerPoint (PPT), PDF hoặc chia sẻ trực tiếp qua các công cụ khác như Google Docs, Microsoft Office 365.</p>','<iframe width=\"100%\" height=\"400\" src=\"https://www.youtube.com/embed/G5nQ9m2RFkA?si=vePFMsMjO82sxrgw&amp;start=1\" title=\"YouTube video player\" frameborder=\"0\" allow=\"accelerometer; autoplay; clipboard-write; encrypted-media; gyroscope; picture-in-picture; web-share\" referrerpolicy=\"strict-origin-when-cross-origin\" allowfullscreen></iframe>'),('2','kh','c1','<p>Trong trang web của Kahoot có nhiều công cụ hỗ trợ cho việc tạo bài học, tạo bài tập,...</p>','<ol><li><strong>Giới thiệu thanh công cụ trong Kahoot</strong><ul><li>Thanh công cụ gồm các nút chức năng giúp người dùng xây dựng bài kiểm tra tương tác nhanh chóng và dễ dàng.</li></ul></li><li><strong>Các nhóm chức năng chính</strong><ul><li>Thêm câu hỏi: trắc nghiệm, đúng/sai, thăm dò ý kiến,...</li><li>Chèn hình ảnh hoặc video minh họa cho câu hỏi.</li><li>Cài đặt thời gian trả lời, điểm số cho mỗi câu hỏi và chọn chủ đề màu sắc của bài kiểm tra.</li></ul></li><li><strong>Cách thao tác với biểu tượng trên giao diện tạo trò chơi</strong><ul><li>Nhấp vào biểu tượng \"Add question\" để thêm câu hỏi mới.</li><li>Sử dụng biểu tượng hình ảnh hoặc video để chèn nội dung trực quan.</li><li>Điều chỉnh các tùy chọn thời gian và điểm bằng menu cài đặt trong từng câu hỏi.</li></ul></li><li><strong>Thực hành chỉnh sửa giao diện và câu hỏi mẫu</strong><ul><li>Chọn một câu hỏi bất kỳ và thay đổi nội dung, hình ảnh, thời gian.</li><li>Xem trước kết quả để kiểm tra cách hiển thị với học sinh.</li></ul></li><li><strong>Làm câu hỏi trắc nghiệm đánh giá hiểu biết về thanh công cụ</strong><ul><li>Tạo một mini quiz để học sinh làm quen với các chức năng trong giao diện tạo quiz.</li></ul></li><li><strong>Các câu hỏi trắc nghiệm kiểm tra kỹ năng sử dụng thanh công cụ Kahoot!</strong><ul><li>Ví dụ: \"Biểu tượng nào dùng để thêm hình ảnh?\", \"Làm sao để thay đổi thời gian trả lời một câu hỏi?\"</li></ul></li></ol>','/images/course/kh/b2.jpg'),('3','cbai','c2','<p>ChatGPT, viết tắt của Chat Generative Pre-training Transformer, là một chatbot ( một hệ thống tự động hóa giao tiếp tự nhiên ) do công ty OpenAI của Mỹ phát triển và ra mắt vào tháng 11 năm 2022.</p>','<ul><li>ChatGPT là một con Al được huấn luyện bởi OpenAl.</li><li>ChatGPT có thể trả lời lưu loát đầy đủ các câu hỏi mà bạn đưa ra, bất kể là thắc mắc về lĩnh vực gì.</li><li>ChatGPT còn có thể viết content, kịch bản, viết thư, hỗ trợ thiết kế ....</li></ul><p><i>Xem video để hiểu thêm về ChatGPT</p> ','<iframe width=\"100%\" height=\"400\" src=\"https://www.youtube.com/embed/FoSuLt3ZjnE?si=eg4rXNsL164jCUA8&amp;start=1\" title=\"YouTube video player\" frameborder=\"0\" allow=\"accelerometer; autoplay; clipboard-write; encrypted-media; gyroscope; picture-in-picture; web-share\" referrerpolicy=\"strict-origin-when-cross-origin\" allowfullscreen></iframe>'),('3','gm','c2','<p>Bài học này hướng dẫn mọi người cách sử dụng văn bản để tạo slide</p>','<p><strong>Bước 1: Dán nội dung văn bản vào Gamma AI</strong><ul><li>Ở phần nhập liệu, bạn có thể dán trực tiếp nội dung văn bản (paste in text) mà bạn đã chuẩn bị sẵn, ví dụ như đề cương, nội dung chi tiết hoặc bản nháp bài thuyết trình.</li><li>Gamma AI cũng cho phép bạn để nó tự tạo nội dung nếu bạn không có sẵn văn bản.</li></ul></p><p><strong>Bước 2: Sau khi dán nội dung, bạn có thể chọn các tùy chọn như:</strong><ul><li>Generate để AI viết lại hoặc phát triển nội dung.</li><li>Summarize để thu gọn nội dung nếu quá dài.</li><li>Bạn có thể khóa phần nội dung nào bạn đã hài lòng để AI không chỉnh sửa.</li></ul></p><p><strong>Bước 3: Tạo slide tự động</strong><ul><li>Nhấn nút Create slides hoặc tương tự để Gamma AI tự động tạo các slide dựa trên nội dung bạn đã dán.</li><li>Gamma sẽ phân tích nội dung và tạo ra các slide với bố cục, hình ảnh, biểu đồ phù hợp.</li></ul></p><p><strong>Bước 4: Xem trước và chỉnh sửa slide</strong><ul><li>Xem lại các slide được tạo.</li><li>Bạn có thể chỉnh sửa từng slide: sửa văn bản, thay đổi hình ảnh, thêm hiệu ứng, xóa hoặc thêm slide mới.</li><li>Gamma AI hỗ trợ chỉnh sửa trực quan, dễ dàng thao tác.</li></ul></p><p><strong>Bước 5: Xuất bản và chia sẻ</strong><ul><li>Khi hoàn tất, bạn có thể xuất bài thuyết trình ra các định dạng phổ biến như PowerPoint (PPT), PDF hoặc chia sẻ trực tiếp qua link.</li><li>Tính năng chia sẻ giúp bạn gửi bài thuyết trình cho đồng nghiệp, bạn bè hoặc trình chiếu trực tuyến.</li></ul></p><p><strong>Lưu ý và mẹo sử dụng</strong><ul><li>Cung cấp nội dung đầu vào rõ ràng, có cấu trúc logic để Gamma AI tạo slide chính xác và hiệu quả hơn.</li><li>Có thể kết hợp sử dụng nội dung do ChatGPT hoặc các công cụ AI khác tạo trước rồi dán vào Gamma để tiết kiệm thời gian.</li><li>Tận dụng các mẫu bố cục và hiệu ứng của Gamma để bài thuyết trình thêm sinh động, chuyên nghiệp.</li></ul></p>','/images/course/gm/b3.jpg'),('3','kh','c2','<p>Kahoot có 1 ưu điểm là có rất nhiều dạng câu hỏi để giúp bài tập đa dạng, không bị nhàm chán, kết hợp với hiệu ứng hấp dẫn khiến bài học thú vị hơn</p>','<ul><li><strong>Câu hỏi trắc nghiệm (Multiple Choice):</strong> Người chơi chọn đáp án đúng trong số các lựa chọn được đưa ra.</li><li><strong>Câu hỏi đúng/sai (True/False):</strong> Người chơi chọn đáp án đúng hoặc sai.</li><li><strong>Câu hỏi điền từ vào chỗ trống (Fill in the Blank):</strong> Người chơi nhập từ hoặc cụm từ phù hợp để hoàn thành câu hỏi.</li><li><strong>Câu hỏi Puzzle (xếp từ):</strong> Người chơi sắp xếp các từ thành câu trả lời đúng.</li><li><strong>Câu hỏi Brainstorm (đưa ra ý tưởng và bình chọn):</strong> Người chơi đóng góp ý tưởng và bình chọn các ý tưởng đó.</li><li><strong>Câu hỏi thăm dò ý kiến (Poll):</strong> Dùng để khảo sát ý kiến người chơi, <strong>không tính điểm</strong>.</li><li><strong>Câu hỏi đám mây từ (Word Cloud):</strong> Người chơi nhập từ khóa, kết quả hiển thị dưới dạng đám mây từ.</li><li><strong>Câu hỏi mở (Open-ended):</strong> Người chơi trả lời tự do, không giới hạn lựa chọn.</li></ul><p><strong>Ngoài ra:</strong> Kahoot còn cho phép <strong>kết hợp nhiều loại câu hỏi</strong> trong một bài kiểm tra để tăng tính tương tác và đa dạng cho trò chơi học tập. Người tạo bài kiểm tra còn có thể <strong>thêm hình ảnh, video, âm thanh minh họa</strong> cho từng câu hỏi để bài kiểm tra trở nên sinh động và thu hút hơn</p>','/images/course/kh/b3.jpg'),('4','cbai','c2','<p>Prompt là nền tảng cơ bản của mọi công cụ AI. Nó bao gồm tất cả thông tin mà người dùng chỉ dẫn cho AI để chúng thực hiện việc họ muốn làm. Bạn có thể sử dụng ChatGPT để hỏi những câu hỏi chung chung và nhận được những câu trả lời thường thường. Tuy nhiên nếu tạo ra được prompt càng cụ thể, chi tiết và càng nhiều bối cảnh thì phản hồi mà ChatGPT trả về sẽ càng hữu ích.</p> ','<ul><li>Mô tả yêu cầu chi tiết nhất có thể, nếu yêu cầu của bạn gồm có nhiều nhiệm vụ thì có thể tách ra từng nhiệm vụ để hỏi, từ đó sẽ có câu trả lời tốt nhất</li> <li> Một mô tả chi tiết phải có ít nhất các yếu tố như bối cảnh, thông tin nhiệm vụ, mục tiêu mong muốn ở câu trả lời, dữ liệu đầu ra mẫu,… </li></ul> ','<iframe width=\"100%\" height=\"400\" src=\"https://www.youtube.com/embed/bxzlOB9k-F4?si=Hjirq7GwXl6ZhMzY\" title=\"YouTube video player\" frameborder=\"0\" allow=\"accelerometer; autoplay; clipboard-write; encrypted-media; gyroscope; picture-in-picture; web-share\" referrerpolicy=\"strict-origin-when-cross-origin\" allowfullscreen></iframe>'),('4','gm','c2','<p>Ngoài cách tạo slide bằng nhập văn bản yêu cầu, có thể sử dụng chủ đề và dàn ý để bài thuyết trình rõ ràng và chi tiết hơn </p>','<p><strong>Bước 1: Tạo workspace và chọn loại bài thuyết trình</strong><ul><li>Sau khi đăng nhập, tạo một workspace mới (không gian làm việc) để quản lý các dự án của bạn.</li><li>Chọn loại bài muốn tạo, trong trường hợp này là Presentation (bài thuyết trình).</li></ul></p><p><strong>Bước 2: Nhập chủ đề và tạo dàn ý (Outline)</strong><ul><li>Ở phần mô tả nội dung, nhập chủ đề hoặc ý tưởng chính của bài thuyết trình bạn muốn tạo.</li><li>Nhấn Generate Outline để Gamma AI tự động tạo dàn ý, phân chia nội dung thành các phần hợp lý cho slide.</li><li>Bạn có thể chỉnh sửa lại dàn ý nếu muốn để phù hợp hơn với mục đích trình bày.</li></ul></p><p><strong>Bước 3: Chọn bố cục và theme cho slide</strong><ul><li>Gamma AI sẽ đề xuất các bố cục slide phù hợp dựa trên dàn ý.</li><li>Chọn bố cục và theme (giao diện) bạn thích để bài thuyết trình thêm sinh động và chuyên nghiệp.</li></ul></p><p><strong>Bước 4: Tạo slide tự động</strong><ul><li>Nhấn Generate để hệ thống tự động tạo các slide dựa trên dàn ý và bố cục đã chọn.</li><li>Gamma AI sẽ phân bổ nội dung, chèn hình ảnh, biểu đồ, video (nếu cần) và hiệu ứng phù hợp.</li></ul></p><p><strong>Bước 5: Xem lại và chỉnh sửa slide</strong><ul><li>Xem trước toàn bộ slide để đánh giá bố cục và nội dung.</li><li>Bạn có thể chỉnh sửa từng slide: sửa văn bản, thay đổi hình ảnh, màu sắc, font chữ hoặc thêm các yếu tố thiết kế khác theo ý muốn.</li></ul></p><p><strong>Bước 6: Xuất bản và chia sẻ</strong></p><p><strong>Lưu ý khi tạo slide theo chủ đề với Gamma AI</strong><ul><li>Nên nhập chủ đề rõ ràng, cụ thể để AI phân tích và tạo dàn ý chính xác, phù hợp.</li><li>Có thể tải lên tài liệu văn bản hoặc copy nội dung có sẵn để Gamma AI xử lý, giúp tiết kiệm thời gian soạn thảo từ đầu.</li><li>Tận dụng các mẫu bố cục và theme đa dạng của Gamma để bài thuyết trình thêm chuyên nghiệp và thu hút.</li></ul></p>','/images/course/gm/b4.jpg'),('4','kh','c2','<p>Tạo các bài kiểm tra trên Kahoot, mọi người có thể đa dạng thể loại nội dung từ văn bản thuần tuý đến hình ảnh, video minh hoạ </p>','<ol> <li> <strong>Hướng dẫn thêm câu hỏi trên Kahoot</strong> <ol> <li><strong>Thêm câu hỏi mới:</strong> <ul> <li>Nhấn nút <strong>Add Question</strong> để thêm câu hỏi mới vào bài kiểm tra.</li> <li>Chọn loại câu hỏi bạn muốn (ví dụ: <em>trắc nghiệm, đúng/sai, sắp xếp, khảo sát</em>).</li> </ul> </li> <li><strong>Nhập nội dung câu hỏi và đáp án:</strong> <ul> <li>Gõ nội dung câu hỏi vào ô nhập câu hỏi.</li> <li>Nhập các phương án trả lời ở các ô tương ứng.</li> <li>Chọn đáp án đúng bằng cách tích chọn ô bên cạnh phương án đúng.</li> </ul> </li> <li><strong>Thiết lập thời gian trả lời:</strong> <ul> <li>Đặt giới hạn thời gian cho câu hỏi (ví dụ: <strong>20, 30 giây</strong>).</li> </ul> </li> </ol> </li> <li> <strong>Hướng dẫn thêm hình ảnh và video cho câu hỏi</strong> <ol> <li><strong>Thêm hình ảnh:</strong> <ul> <li>Trong giao diện tạo câu hỏi, chọn mục <strong>Add image or video</strong> hoặc biểu tượng thêm hình ảnh.</li> <li>Bạn có thể chọn <strong>tải hình ảnh lên</strong> từ máy tính hoặc chọn từ thư viện của Kahoot (<em>Image Library by Getty Images</em>).</li> <li>Hình ảnh sẽ hiển thị <strong>kèm câu hỏi hoặc phương án trả lời</strong> để minh họa rõ hơn.</li> </ul> </li> <li><strong>Thêm video:</strong> <ul> <li>Thêm video bằng cách <strong>dán đường link YouTube</strong> vào mục thêm video trong phần câu hỏi.</li> <li>Video sẽ được <strong>phát trực tiếp</strong> trong lúc hiển thị câu hỏi, giúp tăng tính sinh động và hấp dẫn.</li> </ul> </li> </ol> </li> <li> <strong>Hoàn tất và lưu bài kiểm tra</strong> <ul> <li>Sau khi nhập xong câu hỏi, đáp án, thêm hình ảnh/video, bạn nhấn <strong>Save</strong> hoặc <strong>Done</strong> để lưu lại toàn bộ bài kiểm tra.</li> <li>Có thể <strong>xem trước bài kiểm tra</strong> bằng chức năng <strong>Preview</strong> để kiểm tra lại nội dung trước khi chia sẻ.</li> </ul> </li> </ol>','/images/course/kh/b4.jpg'),('5','cbai','c2','<p>Ở thời đại công nghệ 4.0, việc áp dụng trí tuệ nhân tạo (AI) vào giáo dục đang trở thành một xu hướng tất yếu. Trong số các công cụ AI tiên tiến, ChatGPT đã chứng tỏ sự hữu ích và tiềm năng lớn trong việc nâng cao hiệu quả giảng dạy của không ít thầy cô, thông qua tính năng tương tác và cung cấp thông tin tức thì.</p> ','<ul><li>Tạo câu hỏi, giáo án cho bài học: Bạn có thể sử dụng ChatGPT để tạo ra câu hỏi, giáo án cho bài học. Tuy nhiên cần chú ý các yếu tố để tạo được câu trả lời tốt nhất ( như đã nói ở bài trước ), ví dụ khi yêu cầu tạo 1 đề kiểm tra 15 phút Toán lớp 10 bài Đạo hàm thì cần chú ý các yêu cầu: Yêu cầu ( Tạo 1 để kiểm tra môn Toán lớp 10, bài học Đạo hàm, với thời gian 15 phút gồm có 12 câu trắc nghiệm, 4 câu tự luận ) + Đối tượng ( tăng dần độ khó từ câu 1 đến câu 12 ở phần trắc nghiệm, và tăng dần độ khó từ câu 1 đến câu 4 ở phần tự luận ) + Chọn những chức năng Tìm kiếm của ChatGPT và gửi câu hỏi. Tương tự khi làm giáo án, nhưng bạn phải tách từng nhiệm vụ ra nhỏ để được câu trả lời đầy đủ nhất ( tạo kế hoạch phát triển giáo án -> tạo từng bước của kế hoạch )</li><li>Hỗ trợ làm tin học văn phòng ( Excel, PowerPoint,... ): Trước đây, khi muốn thêm tính năng hoặc tìm hiểu cách sử dụng thì các bạn phải tìm kiếm hoặc học hỏi từ người khác, việc này có thể tốn thời gian và đôi khi không giải quyết được vấn đề bạn cần. Tuy nhiên điều này giờ đây có thể giải quyết dễ dàng nhờ các chatbot AI, với lượng dữ liệu được huấn luyện khổng lồ và không ngừng phát triển dựa vào câu hỏi của người dùng mỗi ngày, bạn có thể nhờ chúng chỉ dẫn hoặc sửa lỗi,...Ví dụ bạn muốn công thức cho excel, nếu như hỏi Chatbot AI bằng yêu cầu thông thường ( cách tính tổng, cách lọc theo chữ cái,... ) thì chúng chỉ đưa ra các đáp án tổng quát, không chi tiết và có thể làm khó bạn hơn, vì vậy 1 hình ảnh hoặc 1 đoạn dữ liệu mẫu sẽ giúp cho Chatbot AI hiểu được đúng yêu cầu của bạn.</li><li>Và rất nhiều ứng dụng khác, như tóm tắt bài viết, tạo file,... ChatGPT nói riêng và các Chatbot AI khác đều có thể làm được miễn bạn đừng lười giải thích cho nó hiểu nhiệm vụ của bạn. </li></ul> ','/images/course/cbai/b5.jpg'),('5','gm','c2','<p>Bên cạnh đó, mọi người cũng có thể tạo slide bằng cách trích xuất nội dung từ hình ảnh ( kết hợp với các công cụ AI khác ) để tạo bài thuyết trình </p>','<p><strong>Bước 1: Trích xuất nội dung từ hình ảnh</strong><ul><li>Dùng ChatGPT, gửi ảnh và nhập lệnh yêu cầu trích xuất nội dung ảnh để lấy được văn bản/nội dung trong ảnh để dùng làm dữ liệu tạo slide.</li></ul></p><p><strong>Bước 2: Viết lại nội dung thành dạng slide dựa trên nội dung ảnh</strong><ul><li>Chia thành các phần slide rõ ràng, ví dụ:</li><li>Slide 1: Tiêu đề</li><li>Slide 2: Giới thiệu tổng quan</li><li>Slide 3–5: Các phần nội dung chính (dưới dạng bullet hoặc sơ đồ)</li><li>Slide 6: Tóm tắt / Kết luận / Call to action</li></ul></p><p><strong>Bước 3: Dán nội dung vào Gamma và tạo slide</strong></p>\n<p><strong>Bước 1: Trích xuất nội dung từ hình ảnh</strong><ul><li>Dùng ChatGPT, gửi ảnh và nhập lệnh yêu cầu trích xuất nội dung ảnh để lấy được văn bản/nội dung trong ảnh để dùng làm dữ liệu tạo slide.</li></ul></p><p><strong>Bước 2: Viết lại nội dung thành dạng slide dựa trên nội dung ảnh</strong><ul><li>Chia thành các phần slide rõ ràng, ví dụ:</li><li>Slide 1: Tiêu đề</li><li>Slide 2: Giới thiệu tổng quan</li><li>Slide 3–5: Các phần nội dung chính (dưới dạng bullet hoặc sơ đồ)</li><li>Slide 6: Tóm tắt / Kết luận / Call to action</li></ul></p><p><strong>Bước 3: Dán nội dung vào Gamma và tạo slide</strong></p>\n','/images/course/gm/b5.jpg'),('5','kh','c2','<p>Ngoài ra, để tăng sự hấp dẫn, người dùng có thể tuỳ chỉnh các cài đặt về giao diện, thời gian </p>','<ol> <li> <strong>Thiết lập thời gian trả lời câu hỏi</strong> <ul> <li>Khi tạo hoặc chỉnh sửa câu hỏi trong Kahoot, bạn sẽ thấy phần <strong>Time limit</strong> (giới hạn thời gian), thường nằm <strong>bên trái</strong> hoặc <strong>dưới phần nhập câu hỏi</strong>.</li> <li>Bạn có thể chọn <strong>thời gian trả lời phù hợp</strong> cho từng câu hỏi, thường từ <strong>5 giây đến 240 giây</strong> tùy theo độ khó và độ dài của câu hỏi.</li> <li>Ví dụ: <ul> <li><em>Câu hỏi đơn giản</em>: có thể đặt <strong>10–20 giây</strong>.</li> <li><em>Câu hỏi khó hoặc cần suy luận</em>: đặt <strong>30 giây</strong> hoặc lâu hơn.</li> </ul> </li> <li>Việc thiết lập thời gian hợp lý giúp <strong>cân bằng giữa tốc độ chơi và độ chính xác</strong>, tránh gây <strong>áp lực quá lớn</strong> hoặc khiến trò chơi <strong>diễn ra quá chậm</strong>.</li> </ul> </li> <li> <strong>Thiết lập giao diện bài kiểm tra</strong> <ul> <li>Sau khi tạo xong các câu hỏi, bạn có thể vào phần <strong>Settings</strong> (hoặc biểu tượng bánh răng ) trong giao diện tạo Kahoot để thiết lập các thông tin chung như:</li> <ul> <li><strong>Tiêu đề (Title):</strong> Đặt tên cho bài kiểm tra để dễ nhận diện.</li> <li><strong>Mô tả (Description):</strong> Viết mô tả ngắn gọn về <em>nội dung</em> hoặc <em>mục đích</em> của bài kiểm tra.</li> <li><strong>Ảnh bìa (Cover Image):</strong> Tải lên hình ảnh đại diện giúp bài kiểm tra <strong>trở nên sinh động và thu hút</strong> hơn.</li> <li><strong>Ngôn ngữ (Language):</strong> Chọn <em>ngôn ngữ phù hợp</em> với người chơi để đảm bảo dễ hiểu.</li> <li><strong>Chế độ hiển thị (Visibility):</strong> Chọn <strong>Public (công khai)</strong> hoặc <strong>Private (riêng tư)</strong> tùy theo mục đích sử dụng.</li> </ul> </ul> </li> </ol>','<iframe width=\"100%\" height=\"400\" src=\"https://www.youtube.com/embed/kqe0a1299G0?si=vIWa3lqedMUX884p\" title=\"YouTube video player\" frameborder=\"0\" allow=\"accelerometer; autoplay; clipboard-write; encrypted-media; gyroscope; picture-in-picture; web-share\" referrerpolicy=\"strict-origin-when-cross-origin\" allowfullscreen></iframe>'),('6','cbai','c2','<p>Trong ChatGPT, ngoài việc hỏi và nhận phản hồi, còn có những trợ lý ảo phục vụ riêng cho các mục đích khác nhau ( thiết kế, tạo bài luận, vẽ,.... ), bạn có thể tự tạo trợ lý ảo của riêng bạn ( đối với người dùng trả phí ) hoặc sử dụng những trợ lý ảo do các tác giả đăng công khai trong mục “Khám phá GPT” </p> ','<p>GPTs là phiên bản tùy chỉnh của ChatGPT tiêu chuẩn, có thể được điều chỉnh theo các tác vụ, sở thích hoặc kịch bản sử dụng cụ thể, cho dù ở nơi làm việc, ở nhà hay cho các sở thích hoặc sở thích cá nhân. Chúng có thể hỗ trợ bạn trong các nhiệm vụ khác nhau, chẳng hạn như học các kỹ năng mới, giảng dạy, thiết kế hoặc thậm chí xử lý các truy vấn dựa trên kiến thức chuyên ngành. Lưu ý: GPTs hiện chỉ khả dụng cho người dùng ChatGPT Plus và ChatGPT Enterprise.</p> \n\n<p>Hiện tại khi vào phần “Khám phá ChatGPT” bạn sẽ thấy đang có sẵn nhiều phiên bản riêng ví dụ như Canva ( dành cho các bạn muốn thiết kế poster, logo,... ), DALL-E ( có thể duyệt web để đọc thông tin cho bạn ),....</p> ','/images/course/cbai/b6.jpg'),('6','gm','c3','<p>Phiên bản miễn phí của Gamma AI cung cấp tính năng tạo hình ảnh AI cơ bản với giới hạn điểm tín dụng (khoảng 400 điểm khi đăng ký). Vì mỗi tài khoản mới đăng ký sẽ được cấp điểm tín dụng AI riêng (khoảng 400 điểm), bạn có thể tạo thêm nhiều tài khoản để có thêm điểm dùng cho việc tạo hình ảnh AI.</p>','<p><strong>Bước 1: Truy cập tính năng tạo hình ảnh AI</strong><ul><li>Trong giao diện chính của Gamma AI, chọn hoặc tạo một bài thuyết trình hoặc tài liệu mới.</li><li>Tại phần chỉnh sửa nội dung slide hoặc tài liệu, bạn sẽ thấy tùy chọn để thêm hình ảnh.</li><li>Chọn chức năng tạo hình ảnh bằng AI (AI Images).</li></ul></p><p><strong>Bước 2: Nhập mô tả hình ảnh (prompt)</strong><ul><li>Nhập mô tả chi tiết về hình ảnh bạn muốn tạo vào ô yêu cầu (prompt). Ví dụ: \"A futuristic cityscape at sunset\" (Một thành phố tương lai lúc hoàng hôn).</li><li>Mô tả càng chi tiết và cụ thể, hình ảnh AI tạo ra sẽ càng sát với ý tưởng của bạn.</li></ul></p><p><strong>Bước 3: Tạo và chọn hình ảnh</strong><ul><li>Nhấn nút Generate hoặc tương tự để bắt đầu quá trình AI tạo hình ảnh. Chờ trong vài giây để hệ thống xử lý và hiển thị các hình ảnh được tạo ra.</li><li>Bạn có thể chọn hình ảnh ưng ý nhất để chèn vào bài thuyết trình hoặc tài liệu của mình.</li></ul></p><p><strong>Bước 4: Chỉnh sửa và sử dụng hình ảnh</strong><ul><li>Hình ảnh sẽ được tích hợp trực tiếp vào slide hoặc tài liệu của bạn, giúp bài thuyết trình sinh động và chuyên nghiệp hơn.</li></ul></p><p><strong>Lưu ý khi sử dụng AI Images trên Gamma AI bản miễn phí</strong><ul><li>Phiên bản miễn phí có giới hạn số điểm tín dụng AI (khoảng 400 điểm khi đăng ký), nên bạn cần sử dụng tiết kiệm cho việc tạo hình ảnh.</li><li>Nếu muốn tạo nhiều hình ảnh hơn hoặc chất lượng cao hơn, bạn có thể cân nhắc nâng cấp lên gói trả phí.</li><li>Một cách tận dụng là tạo nhiều tài khoản miễn phí để có thêm điểm tín dụng, nhưng cần tuân thủ chính sách của Gamma AI.</li></ul></p>','/images/course/gm/b6.jpg'),('6','kh','c2','<p>Điểm số trong các câu hỏi cũng có chức năng tuỳ chọn tính toán thú vị ( tính dựa vào thời gian và thứ tự trả lời ) </p>','<ol> <li> <strong>Điều chỉnh đáp án đúng</strong> <ul> <li>Khi bạn tạo câu hỏi <strong>trắc nghiệm (Multiple Choice)</strong> hoặc <strong>đúng/sai (True/False)</strong>, sau khi nhập các phương án trả lời, bạn cần chọn đáp án đúng bằng cách: <ul> <li>Tích vào <strong>ô vuông</strong> hoặc biểu tượng <strong>dấu tích ✔</strong> bên cạnh phương án bạn muốn đặt làm đáp án đúng.</li> <li>Kahoot cho phép bạn chọn <strong>một hoặc nhiều đáp án đúng</strong> tùy vào loại câu hỏi.</li> </ul> </li> <li>Nếu muốn thay đổi đáp án đúng, bạn chỉ cần <strong>bỏ tích ở đáp án cũ</strong> và <strong>tích lại ở đáp án mới</strong>.</li> </ul> </li> <li> <strong>Điều chỉnh điểm số cho câu hỏi</strong> <ul> <li>Mặc định, Kahoot sẽ tự động tính điểm dựa trên <strong>độ chính xác</strong> và <strong>thời gian trả lời</strong> của người chơi.</li> <li>Tuy nhiên, bạn có thể <strong>tùy chỉnh điểm số</strong> cho từng câu hỏi bằng cách: <ul> <li>Trong phần tạo hoặc chỉnh sửa câu hỏi, tìm mục <strong>Points (Điểm số)</strong>.</li> <li>Bạn có thể <strong>bật/tắt tính điểm</strong> bằng cách chọn hoặc bỏ chọn mục <strong>Award points (Trao điểm)</strong>.</li> </ul> </li> <li>Nếu bật tính điểm, có thể chọn giữa các mức: <ul> <li><strong>Standard points:</strong> Điểm chuẩn (thường là <strong>1000 điểm</strong> cho câu trả lời đúng).</li> <li><strong>Double points:</strong> Điểm gấp đôi (<strong>2000 điểm</strong>).</li> </ul> </li> </ul> </li> <li> <strong>Lưu ý quan trọng</strong> <ul> <li>Bạn <strong>không thể tự nhập số điểm cụ thể</strong> như 500 hay 700 điểm.</li> <li>Nếu không muốn tính điểm cho câu hỏi (ví dụ câu hỏi <em>khảo sát</em> hoặc <em>thăm dò ý kiến</em>), hãy <strong>tắt tính năng trao điểm</strong>.</li> <li>Đảm bảo <strong>chọn đúng đáp án</strong> để hệ thống Kahoot <strong>chấm điểm chính xác</strong> cho người chơi.</li> </ul> </li> </ol>','/images/course/kh/b6.jpg'),('7','cbai','c3','<p>Chatbot AI cũng như các học sinh giỏi, có học sinh giỏi Toán, giỏi Văn, hoặc cả Toán cả Văn,... thì các chatbot cũng vậy, sẽ có những ứng dụng rất giỏi Toán và suy luận hoặc nghiên cứu và chọn lọc dữ liệu,... Vì thế khi sử dụng được kết hợp các Chatbot với nhau sẽ giúp bạn đạt được mục đích của mình ( Chẳng hạn như muốn tạo 1 video minh hoạ phản ứng hoá học, dùng ChatGPT để đưa dữ liệu bài học và nhờ nó tạo câu hỏi cho ứng dụng khác tạo video ( chẳng hạn Hailuo hoặc Sora,... ) )</p> ','<ul><li><strong> Soạn bài giảng và tài liệu học tập tự động:</strong> Dùng ChatGPT để tạo kế hoạch bài giảng, đề kiểm tra, bài tập phù hợp với từng môn học và trình độ học sinh; đồng thời có thể điều chỉnh mức độ khó và định dạng nội dung theo nhu cầu. Các công cụ như Eduaide.Ai và TeachMateAi cũng hỗ trợ tạo giáo án, worksheets, quizzes cá nhân hóa theo năng lực học sinh</li><li><strong>Xây dựng kịch bản rõ ràng, logic</strong>: Thiết kế các câu hỏi và câu trả lời sao cho dễ hiểu, phù hợp với nhu cầu người dùng, tránh gây nhầm lẫn hoặc phản hồi không liên quan </li></ul> ','/images/course/cbai/b7.jpg'),('7','gm','c3','<p>Khóa học Gamma AI cơ bản đã trang bị cho học viên những kỹ năng cần thiết để tạo bài thuyết trình, tài liệu và trang web nhanh chóng, chuyên nghiệp bằng công cụ AI. Qua 4 buổi học, học viên đã nắm được cách sử dụng Gamma từ cơ bản đến thực hành, biết cách tối ưu nội dung, khai thác các nguồn tài nguyên miễn phí và tự tin ứng dụng vào học tập, công việc thực tế. Đây là bước khởi đầu quan trọng để phát triển kỹ năng sáng tạo nội dung trong thời đại số.</p> ','<p><strong>Mẹo tạo nội dung nhanh, gọn, đẹp cho bài thuyết trình:</strong><ul><li>Mẹo 1: Dùng các câu lệnh đơn giản, rõ ràng khi nhập nội dung vào Gamma (ví dụ: \"Tạo bản trình bày 5 slide giớithiệu về marketing sản phẩm mới\")</li><li>Mẹo 2: Chọn các template có sẵn trong Gamma để tiết kiệm thời gian chỉnh sửa</li><li>Mẹo 3: Chỉ giữ mỗi slide từ 3-5 ý chính, không nhồi nhét quá nhiều chữ</li><li>Mẹo 4: Sử dụng công cụ \"Add Smart Content\" của Gamma để tự động gợi ý nội dung mở rộng</li><li>Mẹo 5: Nếu có hình ảnh hoặc biểu đồ, ưu tiên dùng hình đơn giản, dễ nhìn để người xem dễ theo dõi</li></ul></p><p><strong>Giới thiệu các nguồn mẫu miễn phí hỗ trợ Gamma AI</strong><ul><li>Trang template miễn phí: Gamma.app Template Gallery – nhiều mẫu chuyên nghiệp sẵn dùng</li><li>Nguồn hình ảnh miễn phí:<ul><li>Unsplash.com – ảnh đẹp, độ phân giải cao</li><li>Pexels.com – hình minh họa phù hợp bài thuyết trình</li></ul></li><li>Nguồn icon miễn phí: Flaticon.com – biểu tượng chuyên nghiệp, đa dạng ngành nghề</li><li>Tài nguyên hỗ trợ khác:<ul><li>ChatGPT + Gamma: Kết hợp tạo dàn ý nội dung trước, sau đó nhập vào Gamma để tự động tạo slide</li><li>Notion AI: Hỗ trợ soạn nội dung nháp trước khi đưa vào Gamma</li></ul></li></ul></p>','<iframe width=\"100%\" height=\"400\" src=\"https://www.youtube.com/embed/iEBpa1LBNCg?si=rvBlmsrYBKq3zSfi&amp;start=1\" title=\"YouTube video player\" frameborder=\"0\" allow=\"accelerometer; autoplay; clipboard-write; encrypted-media; gyroscope; picture-in-picture; web-share\" referrerpolicy=\"strict-origin-when-cross-origin\" allowfullscreen></iframe>'),('7','kh','c2','<ul><li>Giới thiệu mục “Library” trên giao diện Kahoot.</li><li>Cách truy cập lại các bài kiểm tra đã tạo.</li><li>Thao tác chỉnh sửa, sao chép hoặc xóa bài quiz.</li><li>Cách sắp xếp, tìm kiếm nhanh trong danh sách bài kiểm tra.</li><li>Hướng dẫn phân loại nội dung bằng Folder (thư mục).</li><li>Yêu cầu học sinh tự tìm lại bài kiểm tra cũ trong Library và chỉnh sửa lại tiêu đề, thêm 1 câu mới</li><li>Giáo viên kiểm tra khả năng quản lý nội dung của từng học sinh qua thư viện cá nhân</li></ul>','<ol><li><strong>Truy cập thư viện (Library)</strong><ul><li>Đăng nhập tài khoản, chọn Library ở thanh bên trái.</li><li>Hiển thị danh sách tất cả các bài Kahoot đã tạo hoặc lưu.</li></ul></li><li><strong>Các thao tác trong thư viện</strong><ul><li><strong>Edit:</strong> Chỉnh sửa nội dung câu hỏi, thời gian, điểm số.</li><li><strong>Duplicate:</strong> Tạo bản sao để chỉnh sửa mà không làm thay đổi bản gốc.</li><li><strong>Delete:</strong> Xóa bài không dùng đến.</li><li><strong>Search:</strong> Tìm bài theo tên.</li><li><strong>Sort by:</strong> Sắp xếp theo ngày tạo, tên, loại.</li></ul></li><li><strong>Quản lý theo thư mục</strong><ul><li>Nhấn \"+ New folder\" để tạo thư mục mới.</li><li>Kéo thả bài kiểm tra vào đúng thư mục để dễ quản lý.</li><li>Nên tạo các thư mục theo chủ đề học: Văn, Toán, Anh, Giữa kỳ...</li></ul></li><li><strong>Bài tập thực hành</strong><ul><li>Truy cập Library, Tạo thư mục tên \"KiemTraCuoiKy\".</li><li>Kéo các bài đã tạo vào thư mục này.</li><li>Chọn 1 bài quiz, Duplicate, đổi tiêu đề, chỉnh sửa câu hỏi thứ 2, lưu lại.</li></ul></li></ol>','/images/course/kh/b7.jpg'),('8','cbai','c3','<p>Để tạo hình ảnh và video bằng các công cụ Chatbot AI, bạn có thể thực hiện theo các hướng dẫn chi tiết dưới đây, sử dụng các nền tảng phổ biến và dễ tiếp cận như ChatGPT kết hợp với Midjourney, Fotor, Canva, hoặc các ứng dụng tạo video AI như Invideo, VEED, Pictory, Visla.</p> ','<p><strong>Sử dụng ChatGPT để tạo nội dung văn bản cho bài giảng</strong>:ChatGPT giúp bạn soạn thảo nội dung bài học, kịch bản video, lời thoại cho video, hoặc mô tả chi tiết cho hình ảnh minh họa, bạn có thể yêu cầu ChatGPT tóm tắt kiến thức, tạo câu hỏi trắc nghiệm, hoặc viết lời giải thích dễ hiểu cho học sinh. </p><p><strong>Quy trình kết hợp ChatGPT và các công cụ AI khác:</strong><ul><li> <strong> Bước 1: </strong>Dùng ChatGPT để tạo nội dung bài giảng, kịch bản, lời thoại, hoặc mô tả hình ảnh.</li><li> <strong> Bước 2: </strong> Dùng Monsha hoặc Canva để tạo hình ảnh minh họa dựa trên mô tả từ ChatGPT. </li><li> <strong> Bước 3: </strong> Dùng FlexClip hoặc Canva Video để tạo video bài giảng, chèn hình ảnh, văn bản, nhạc nền và giọng đọc (có thể dùng giọng AI hoặc thu âm trực tiếp). </li><li> <strong> Bước 4: </strong> Xuất video, chia sẻ lên các nền tảng học trực tuyến hoặc trình chiếu trong lớp học. </li></ul></p> ','<iframe width=\"100%\" height=\"400\" src=\"https://www.youtube.com/embed/zbt7v-SKgMo?si=MmD8-NZcR0DR2GOA\" title=\"YouTube video player\" frameborder=\"0\" allow=\"accelerometer; autoplay; clipboard-write; encrypted-media; gyroscope; picture-in-picture; web-share\" referrerpolicy=\"strict-origin-when-cross-origin\" allowfullscreen></iframe>'),('8','kh','c3','<ul><li>Hướng dẫn cách phát trực tiếp (host live) bài kiểm tra Kahoot cho cả lớp cùng chơi.</li><li>Phân biệt hai chế độ chơi: Teacher-led (Live) và Student-paced (Assign).</li><li>Cách lấy mã PIN để học sinh tham gia bài kiểm tra qua kahoot.it hoặc ứng dụng Kahoot!.</li><li>Cấu hình chế độ chơi phù hợp với hình thức học tập: trên lớp hoặc trực tuyến.</li><li>Cách theo dõi kết quả trực tiếp và kết thúc trò chơi.</li><li>Học sinh có thể tham gia trò chơi bằng mã PIN trên mọi thiết bị.</li><li>Giáo viên tổ chức được buổi chơi Kahoot trực tiếp hiệu quả, sinh động.</li></ul>','<ul><li>Truy cập trang Kahoot, đăng nhập tài khoản, vào phần My Kahoots hoặc Kahoots để tìm bài kiểm tra bạn đã tạo sẵn. Nhấn nút Play bên cạnh bài kiểm tra đó.</li><li>Chọn chế độ tổ chức trực tiếp (Host live): Khi màn hình hiện ra, chọn Teach hoặc Host live để bắt đầu phát trực tiếp bài kiểm tra với người chơi tham gia theo thời gian thực:<ul><li>“Teach” là chế độ phù hợp cho các buổi học trực tiếp, nơi giáo viên tương tác trực tiếp, điều khiển trò chơi và giải thích câu hỏi.</li><li>“Host live” là chế độ phù hợp cho các sự kiện lớn hoặc lớp học trực tuyến với nhiều người tham gia, tập trung vào việc tổ chức trò chơi hiệu quả và quản lý người chơi quy mô lớn.</li></ul></li><li>Chia sẻ mã PIN và link phòng chơi: Kahoot sẽ tạo một mã PIN phòng chơi duy nhất. Bạn chia sẻ mã PIN này và đường link phòng chơi cho người tham gia (học sinh, sinh viên hoặc người chơi) để họ nhập mã và vào phòng.</li><li>Khóa phòng khi đủ người tham gia: Sau khi mọi người đã vào đủ, bạn có thể khóa mã PIN phòng để tránh người lạ tham gia.</li><li>Bắt đầu bài kiểm tra: Nhấn nút Start để khởi động bài kiểm tra. Câu hỏi sẽ hiển thị trên màn hình của bạn, còn người chơi sẽ trả lời trên thiết bị của họ. Kết quả và điểm số được cập nhật trực tiếp.</li><li>Điều khiển và chuyển câu hỏi: Sau mỗi câu hỏi, bạn nhấn Next để chuyển sang câu hỏi tiếp theo cho đến khi kết thúc bài kiểm tra.</li></ul>','/images/course/kh/b8.jpg'),('9','kh','c3','<ul><li>Hướng dẫn sử dụng chế độ “Assign” để giao bài kiểm tra Kahoot về nhà hoặc làm theo nhịp riêng.</li><li>Phân biệt giữa chế độ Assign (tự làm) và Teach (trực tiếp).</li><li>Cách đặt thời hạn hoàn thành và tùy chỉnh cài đặt bài giao.</li><li>Cách chia sẻ link bài kiểm tra hoặc mã PIN qua Zalo, Google Classroom, Teams,...</li><li>Cách theo dõi tiến độ và kết quả của học sinh sau khi giao bài.</li><li>Học sinh có thể làm bài tập Kahoot mọi lúc, mọi nơi trên điện thoại, máy tính bảng, hoặc laptop</li><li>Giáo viên có thể kiểm tra kết quả làm bài của từng học sinh trong báo cáo.</li></ul>','<ul><li>Cách giao bài tập qua Kahoot (Assign)<ul><li>Truy cập https://create.kahoot.it</li><li>Chọn bài quiz, nhấn Assign (Giao bài tập)</li><li>Chọn ngày và giờ kết thúc, có thể bật các tùy chọn như:<ul><li>Bật/tắt hiển thị điểm số</li><li>Bật \"Randomize answers\" (đảo đáp án)</li><li>Bắt buộc nhập tên thật</li></ul></li></ul></li><li>Chia sẻ bài tập cho học sinh<ul><li>Sau khi nhấn \"Create\", hệ thống tạo:<ul><li>Mã PIN (giống như chơi live)</li><li>Link trực tiếp (ví dụ: https://kahoot.it/challenge/12345678)</li></ul></li><li>Gửi link hoặc mã cho học sinh qua:<ul><li>Zalo nhóm lớp</li><li>Google Classroom</li><li>Microsoft Teams</li><li>Email hoặc Facebook</li></ul></li></ul></li><li>Theo dõi và xem kết quả<ul><li>Truy cập Reports, chọn bài đã giao</li><li>Xem:<ul><li>Danh sách học sinh đã làm</li><li>Tỷ lệ câu đúng/sai</li><li>Điểm số từng học sinh</li><li>Thời gian hoàn thành</li></ul></li></ul></li></ul>','<iframe width=\"100%\" height=\"400\" src=\"https://www.youtube.com/embed/_F6k9VISiX8?si=NtfGXnPiBFhxTSbe\" title=\"YouTube video player\" frameborder=\"0\" allow=\"accelerometer; autoplay; clipboard-write; encrypted-media; gyroscope; picture-in-picture; web-share\" referrerpolicy=\"strict-origin-when-cross-origin\" allowfullscreen></iframe>');
/*!40000 ALTER TABLE `lesson_content` ENABLE KEYS */;
UNLOCK TABLES;

--
-- Table structure for table `lesson_name`
--

DROP TABLE IF EXISTS `lesson_name`;
/*!40101 SET @saved_cs_client     = @@character_set_client */;
/*!50503 SET character_set_client = utf8mb4 */;
CREATE TABLE `lesson_name` (
  `id_lesson` varchar(45) NOT NULL,
  `id_course` varchar(45) NOT NULL,
  `id_chapter` varchar(20) NOT NULL,
  `name_lesson` text CHARACTER SET utf8mb4 COLLATE utf8mb4_0900_ai_ci NOT NULL,
  PRIMARY KEY (`id_lesson`,`id_course`,`id_chapter`),
  KEY `frk_idcourse_idx` (`id_course`),
  KEY `frk_idchapter_idx` (`id_chapter`)
) ENGINE=InnoDB DEFAULT CHARSET=utf8mb4 COLLATE=utf8mb4_0900_ai_ci;
/*!40101 SET character_set_client = @saved_cs_client */;

--
-- Dumping data for table `lesson_name`
--

LOCK TABLES `lesson_name` WRITE;
/*!40000 ALTER TABLE `lesson_name` DISABLE KEYS */;
INSERT INTO `lesson_name` VALUES ('1','cbai','c1','Chatbot AI là gì ?'),('1','gm','c1','Giới thiệu Gamma AI'),('1','kh','c1','Tạo tài khoản và truy cập'),('10','kh','c4','Tạo bài kiểm tra từ file có sẵn'),('11','kh','c4','Trích xuất và phân tích kết quả'),('12','kh','c4','Các tính năng mở rộng'),('2','cbai','c1','Một số Chatbot AI phổ biến'),('2','gm','c1','Tìm hiểu cách sử dụng '),('2','kh','c1','Các chức năng thanh công cụ'),('3','cbai','c2','ChatGPT là gì ?'),('3','gm','c2','Tạo slide'),('3','kh','c2','Các thể loại bài kiểm tra'),('4','cbai','c2','Cách đặt câu hỏi tối ưu'),('4','gm','c2','Tạo slide theo chủ đề'),('4','kh','c2','Thêm câu hỏi, hình ảnh, video,...'),('5','cbai','c2','Ứng dụng trong giáo dục'),('5','gm','c2','Tạo slide theo hình ảnh'),('5','kh','c2','Thiết lập thời gian, giao diện bài kiểm tra'),('6','cbai','c2','Tuỳ chỉnh AI '),('6','gm','c3','Tạo hình ảnh AI'),('6','kh','c2','Điều chỉnh điểm số và đáp án'),('7','cbai','c3','Kết hợp các chatbot AI có lợi ích gì ?'),('7','gm','c3','Kết hợp các chatbot AI có lợi ích gì ?'),('7','kh','c2','Kết hợp các chatbot AI có lợi ích gì ?'),('8','cbai','c3','Cách tạo video, hình ảnh AI miễn phí'),('8','kh','c3','Phát trực tiếp'),('9','kh','c3','Giao bài tập');
/*!40000 ALTER TABLE `lesson_name` ENABLE KEYS */;
UNLOCK TABLES;

--
-- Table structure for table `lesson_quizz`
--

DROP TABLE IF EXISTS `lesson_quizz`;
/*!40101 SET @saved_cs_client     = @@character_set_client */;
/*!50503 SET character_set_client = utf8mb4 */;
CREATE TABLE `lesson_quizz` (
  `id_quizz` int NOT NULL AUTO_INCREMENT,
  `id_lesson` varchar(45) NOT NULL,
  `id_course` varchar(45) NOT NULL,
  `id_chapter` varchar(20) NOT NULL,
  `question` text CHARACTER SET utf8mb4 COLLATE utf8mb4_0900_ai_ci NOT NULL,
  `type` text CHARACTER SET utf8mb4 COLLATE utf8mb4_0900_ai_ci NOT NULL,
  PRIMARY KEY (`id_quizz`,`id_lesson`,`id_course`,`id_chapter`)
) ENGINE=InnoDB AUTO_INCREMENT=84 DEFAULT CHARSET=utf8mb4 COLLATE=utf8mb4_0900_ai_ci;
/*!40101 SET character_set_client = @saved_cs_client */;

--
-- Dumping data for table `lesson_quizz`
--

LOCK TABLES `lesson_quizz` WRITE;
/*!40000 ALTER TABLE `lesson_quizz` DISABLE KEYS */;
INSERT INTO `lesson_quizz` VALUES (1,'1','cbai','c1','Chatbot Ai là gì ?','radio'),(2,'1','cbai','c1','Đâu là ứng dụng Chatbot AI ? ','checkbox'),(3,'1','cbai','c1','Chatbot AI trả lời dựa trên dữ liệu đã được huấn luyện hoặc tự học được, đúng hay sai ? ( Trả lời Đúng hoặc Sai ) ','text'),(4,'2','cbai','c1','Phiên bản ChatGPT đầu tiên được ra mắt công khai vào năm nào?','radio'),(5,'2','cbai','c1','Đâu là những đặc điểm chính của Chatbot AI ? ','checkbox'),(6,'2','cbai','c1','Ứng dụng chatbot AI nào phổ biến nhất thế giới ? ','text'),(7,'3','cbai','c2','ChatGPT được sở hữu bởi công ty nào ? ','radio '),(8,'3','cbai','c2','ChatGPT làm được những công việc gì ? ','checkbox'),(9,'3','cbai','c2','ChatGPT có thể viết thư , viết content , kịch bản , thiết kế ? (Trả lời đúng hoặc sai )  ','text '),(10,'4','cbai','c2','Khi hỏi Chatbot AI, chúng ta cần làm gì ? ','radio '),(11,'4','cbai','c2','Yếu tố nào để có được câu trả lời tốt từ Chatbot AI ? ','checkbox '),(12,'4','cbai','c2','Nếu bạn đặt câu hỏi ( VD: Tạo cho tôi 1 đề thi Toán 10 bài Đạo hàm,… ) thì sẽ có được câu trả lời tốt nhất không ? ( Trả lời Có hoặc Không ) ','text'),(13,'5','cbai','c2','Câu hỏi nào sau đây sẽ nhận được phản hồi tốt nhất ? ','radio '),(14,'5','cbai','c2','ChatGPT có ứng dụng gì trong giáo dục ? ','checkbox'),(15,'5','cbai','c2','Chatbot AI chỉ có thể sử dụng trong giảng dạy  các môn công nghệ. (Trả lời Đúng hoặc Sai ) ','text'),(16,'6','cbai','c2','Tùy chỉnh AI giúp người dùng đạt được điều gì?','radio'),(17,'6','cbai','c2','Những cách nào sau đây là tùy chỉnh AI?','checkbox'),(18,'6','cbai','c2','Người dùng có thể tùy chỉnh cách phản hồi của chatbot AI để phù hợp với mục đích học tập hoặc công việc.( Trả lời Đúng hay Sai ) ','text'),(19,'7','cbai','c3','Tại sao nên sử dụng kết hợp chatbot AI và các công cụ tạo hình ảnh, video AI?','radio'),(20,'7','cbai','c3','Những công việc nào thuộc về quản lý nội dung thư viện?','checkbox'),(21,'7','cbai','c3','Việc sử dụng kết hợp nhiều công cụ AI có thể giúp người dùng tạo nội dung đa phương tiện toàn diện hơn.(Trả lời Đúng hoặc Sai )','text'),(22,'8','cbai','c3','Công cụ nào sau đây giúp bạn tạo hình ảnh bằng AI miễn phí?','radio'),(23,'8','cbai','c3','Bạn có thể sử dụng chatbot AI vào việc gì dưới đây?','checkbox'),(24,'8','cbai','c3','Một số chatbot AI như ChatGPT có thể hỗ trợ tạo prompt cho hình ảnh và video AI.(Trả lời Đúng hoặc Sai ) ','text'),(25,'1','gm','c1','Gamma AI là gì?','radio'),(26,'1','gm','c1','Những tính năng nổi bật nào sau đây thuộc về Gamma AI?','checkbox'),(27,'1','gm','c1','Gamma AI có thể giúp người dùng tạo bài thuyết trình nhanh chóng mà không cần kỹ năng thiết kế.(Trả lời Đúng hoặc Sai ) ','text'),(28,'2','gm','c1','Người dùng có thể chọn ngôn ngữ giao diện Gamma AI bằng cách nào? ','radio '),(29,'2','gm','c1','Gamma AI hỗ trợ người dùng có thể chọn những ngôn ngữ nào?','checkbox '),(30,'2','gm','c1','Người dùng nên nâng cấp lên Gamma AI Plus hoặc Pro Để sử dụng nhiều tính năng mạnh mẽ hơn (Trả lời Đúng hoặc Sai )  ','text'),(31,'3','gm','c2','Khi sử dụng Gamma AI, \"Paste in text\" có mục đích gì?','radio'),(32,'3','gm','c2','Import file or URL trong Gamma AI cho phép bạn tải làm tệp hoặc link để làm gì? ','checkbox'),(33,'3','gm','c2','Sau khi dán văn bản vào Gamma AI, câu hỏi \"What would you like to create with this content?\" xuất hiện để yêu cầu bạn chọn định dạng nội dung đầu ra (Trả lời Đúng hay Sai)','text'),(34,'4','gm','c2','Khi chọn một chủ đề bất kỳ trong Gamma AI, công cụ sẽ hỗ trợ bạn như thế nào? ','radio'),(35,'4','gm','c2','Sau khi Gamma AI tạo xong slide thuyết trình, người dùng có thể làm gì?','checkbox'),(36,'4','gm','c2','Khi mô tả hình ảnh trong ô Prompt (trong phần tạo hình AI), người dùng cần Mô tả rõ ràng nội dung mong muốn (Trả lời Đúng hay Sai ) ','text'),(37,'5','gm','c2','Khi muốn trích xuất nội dung từ hình ảnh để tạo slide, người dùng nên làm gì đầu tiên?','radio'),(38,'5','gm','c2','Những công việc nào sau đây thuộc quy trình tạo slide từ hình ảnh bằng Gamma AI?  ','checkbox'),(39,'5','gm','c2','Giao diện bài kiểm tra không ảnh hưởng đến trải nghiệm làm bài của học sinh.(Trả lời Đúng hoặc Sai ) ','text'),(40,'6','gm','c2','Khi nào nên điều chỉnh điểm số và đáp án trong hệ thống quản lý học tập?','radio'),(41,'6','gm','c2','Những lý do nào sau đây có thể dẫn đến việc điều chỉnh điểm số và đáp án?','checkbox'),(42,'6','gm','c3','Sau khi đã có nội dung dạng slide, người dùng cần Dán nội dung vào Gamma và để AI tự động tạo slide. để hoàn tất bài trình chiếu ( Trả lời Đúng hoặc Sai ) ','text'),(43,'7','gm','c3','Mục đích chính của việc quản lý nội dung thư viện số là gì?','radio'),(44,'7','gm','c3','Quản lý nội dung thư viện chỉ cần nhập sách vào hệ thống là đủ.','checkbox'),(45,'7','gm','c3','Các yếu tố tạo video đúng với yêu cầu của bạn ? ','text'),(46,'1','kh','c1','Tài khoản nào sau đây là tài khoản miễn phí trên Kahoot?','radio '),(47,'1','kh','c1','Những cách nào sau đây bạn có thể dùng để đăng ký tài khoản Kahoot?','checkbox'),(48,'1','kh','c1','Viết địa chỉ trang web để tham gia trò chơi Kahoot.','text'),(49,'2','kh','c1','Chức năng nào dùng để thêm câu hỏi mới trong Kahoot!?','radio'),(50,'2','kh','c1','Chức năng nào sau đây bạn có thể thực hiện trong thanh công cụ của Kahoot? (Chọn tất cả đáp án đúng)','checkbox'),(51,'2','kh','c1','Gõ tên biểu tượng dùng để thay đổi màu nền và giao diện của bài quiz Kahoot. ','text'),(52,'3','kh','c2','Muốn tạo một kahoot mới hoàn toàn, bạn cần nhấn vào nút nào trên giao diện chính của Kahoot?','radio'),(53,'3','kh','c2','Những cách nào sau đây có thể dùng để tạo một kahoot mới?','checkbox'),(54,'3','kh','c2','Viết tên 2 loại nội dung khác ngoài Quiz mà bạn có thể tạo trên Kahoot.','text'),(55,'4','kh','c2','Loại câu hỏi nào trong Kahoot yêu cầu người chơi tự nhập câu trả lời?','radio'),(56,'4','kh','c2','Những tùy chọn nào bạn có thể chỉnh sửa trong mỗi câu hỏi của Kahoot? ','checkbox'),(57,'4','kh','c2','Khi thêm câu hỏi vào Kahoot, bạn cần nhấn vào nút nào? ','text'),(58,'6','kh','c2','Chế độ điểm nào trong Kahoot cho phép nhân đôi điểm thưởng cho câu trả lời đúng?','radio'),(59,'6','kh','c2','Trong các phát biểu sau, điều nào đúng khi chỉnh sửa câu hỏi trong Kahoot? (Chọn tất cả đáp án đúng)','checkbox'),(60,'6','kh','c2','Gõ tên chế độ điểm trong Kahoot dùng khi bạn không muốn tính điểm cho câu hỏi:','text'),(61,'7','kh','c2','Muốn chỉnh sửa một bài Kahoot đã tạo, bạn nên dùng chức năng nào?','radio'),(62,'7','kh','c2','Bạn có thể làm gì trong mục “Library” của Kahoot? (Chọn tất cả đáp án đúng)','checkbox'),(63,'7','kh','c2','Gõ tên biểu tượng thường dùng để xóa một bài kiểm tra trong thư viện Kahoot:','text'),(64,'8','kh','c3','Để học sinh chơi Kahoot trực tiếp trong lớp, giáo viên cần chọn chế độ nào?','radio'),(65,'8','kh','c3','Chọn những điều đúng về mã PIN của một trò chơi Kahoot trực tiếp: (Chọn tất cả đáp án đúng) ','checkbox'),(66,'8','kh','c3','Gõ tên chế độ chơi dành cho từng học sinh sử dụng thiết bị riêng biệt trong lớp: ','text'),(67,'9','kh','c3','Chế độ nào trong Kahoot cho phép học sinh làm bài tập theo nhịp riêng, không cần giáo viên trực tiếp tổ chức?','radio'),(68,'9','kh','c3','Khi giao bài tập qua Kahoot, giáo viên có thể tùy chỉnh điều gì sau đây?','checkbox'),(69,'9','kh','c3','Gõ tên thẻ (tab) trong Kahoot nơi giáo viên có thể xem lại kết quả làm bài của học sinh: ','text'),(70,'10','kh','c4','Khi muốn nhập hàng loạt câu hỏi vào Kahoot, bạn cần dùng định dạng file nào?','radio '),(71,'10','kh','c4','Những chức năng nào bạn có thể sử dụng khi tổ chức một trò chơi Kahoot?','checkbox'),(72,'10','kh','c4','Khi tổ chức Kahoot trực tiếp trên lớp, học sinh cần làm gì để tham gia trò chơi?','text '),(73,'11','kh','c4','Mục nào trong Kahoot dùng để xem kết quả các bài kiểm tra đã tổ chức?','radio'),(74,'11','kh','c4','Trong một bản báo cáo kết quả Kahoot, giáo viên có thể biết được: (Chọn tất cả đáp án đúng)','checkbox'),(75,'11','kh','c4','Gõ định dạng file bạn có thể xuất báo cáo kết quả từ Kahoot để xem trên Excel:','text'),(76,'12','kh','c4','Trong các lựa chọn sau, đâu là ví dụ của một tính năng mở rộng trong phần mềm trình duyệt?','radio'),(77,'12','kh','c4','Chọn các tính năng mở rộng thường thấy trên trình duyệt web?','checkbox'),(78,'12','kh','c4','Tính năng mở rộng có thể cài đặt thêm vào trình duyệt để nâng cao chức năng.(Trả lời Đúng hoặc Sai ) ','text '),(83,'8','cbai','c3','Một số chatbot AI như ChatGPT có thể hỗ trợ tạo prompt cho hình ảnh và video AI.(Trả lời Đúng hoặc Sai )','text');
/*!40000 ALTER TABLE `lesson_quizz` ENABLE KEYS */;
UNLOCK TABLES;

--
-- Table structure for table `quizz_answer`
--

DROP TABLE IF EXISTS `quizz_answer`;
/*!40101 SET @saved_cs_client     = @@character_set_client */;
/*!50503 SET character_set_client = utf8mb4 */;
CREATE TABLE `quizz_answer` (
  `id_quizz` int NOT NULL,
  `id_answer` int NOT NULL,
  `content` text CHARACTER SET utf8mb4 COLLATE utf8mb4_0900_ai_ci NOT NULL,
  `istrue` int NOT NULL DEFAULT '0',
  PRIMARY KEY (`id_quizz`,`id_answer`)
) ENGINE=InnoDB DEFAULT CHARSET=utf8mb4 COLLATE=utf8mb4_0900_ai_ci;
/*!40101 SET character_set_client = @saved_cs_client */;

--
-- Dumping data for table `quizz_answer`
--

LOCK TABLES `quizz_answer` WRITE;
/*!40000 ALTER TABLE `quizz_answer` DISABLE KEYS */;
INSERT INTO `quizz_answer` VALUES (1,1,'Mạng xã hội ',0),(1,2,'Ứng dụng hỏi và đáp ứng dụng trí tuệ nhân tạo',1),(1,3,'Phần mềm hỏi và đáp giữa người với người ',0),(1,4,'ChatGPT ',0),(2,1,'Facebook ',0),(2,2,'ChatGPT ',1),(2,3,'Sora ',0),(2,4,'Gemini ',1),(3,1,'Đúng ',1),(4,1,'2022',1),(4,2,'2021',1),(4,3,'2016',0),(4,4,'2018',0),(5,1,'Có ứng dụng miễn phí hoặc trả phí ',1),(5,2,'Trả lời dựa trên dữ liệu được học ',1),(5,3,'Thông tin AI cung cấp mang độ chính xác tuyệt đối ',0),(5,4,'AI cung cấp đáp án dựa trên cảm xúc của bạn ',0),(6,1,'ChatGPT ',1),(7,1,'OpenAI ',1),(7,2,'Google ',1),(7,3,'Microsoft ',0),(7,4,'Facebook ',0),(8,1,'Trả lời câu hỏi của người dùng',1),(8,2,'Tắt/bật máy tính hộ con người ',1),(8,3,'Tạo video/hình ảnh theo yêu cầu ',1),(8,4,'Hỗ trợ bạn làm mọi công việc ',0),(9,1,'Đúng ',1),(10,1,'Hỏi bừa vì AI thông minh nên sẽ hiểu được ta cần làm gì ',0),(10,2,'Mô tả chi tiết nhiệm vụ, không nên đưa 1 lúc nhiều nhiệm vụ cho chatbot AI vì AI ưu tiên phản hồi nhanh nên câu trả lời sẽ không đầy đủ như ý muốn ',1),(10,3,'Mô tả chi tiết nhiệm vụ, giao nhiều nhiệm vụ để tiết kiệm thời gian ',0),(10,4,'Hỏi các nhiệm vụ không có sự liên kết với nhau trong cùng 1 câu hỏi ',0),(11,1,'Chi tiết, rõ ràng ',1),(11,2,'Không yêu cầu tiêu chuẩn đầu ra ',1),(11,3,'Có kết quả mẫu ',1),(11,4,'Hỏi ngắn gọn ',0),(12,1,'Có',1),(13,1,'Tạo đề Toán 9 kiểm tra 15 phút bài Căn thức bậc hai ',0),(13,2,'Tạo đề kiểm tra 15 phút môn toán lớp 9 sách Kết nối tri thức bài Căn thức bậc hai, có 12 câu trắc nghiệm từ dễ đến khó và 4 câu tự luận từ dễ đến khó ',1),(13,3,'Tạo đề kiểm tra 15 phút toán 9 sách Kết nối tri thức bài Căn thức bậc 2, có 16 câu từ dễ đến khó, 12 câu trắc nghiệm, 4 câu tự luận ',0),(13,4,'Tạo đề kiểm tra toán 9 sách Kết nối tri thức bài căn thực bậc 2 ',0),(14,1,'Hỗ trợ tin học văn phòng ',1),(14,2,'Tạo giáo án  ',1),(14,3,'Dạy thay giáo viên ',0),(14,4,'Tạo đáp án chi tiết cho đề kiểm tra ',1),(15,1,'sai',1),(16,1,'Tăng tốc độ xử lý phần cứng của thiết bị',0),(16,2,'Hiển thị quảng cáo chính xác hơn cho người dùng',1),(16,3,'Đảm bảo AI hoạt động giống nhau với tất cả mọi người',0),(16,4,'Cải thiện trải nghiệm cá nhân hóa theo nhu cầu cụ thể',1),(17,1,'Cung cấp dữ liệu cá nhân để AI học theo thói quen người dùng',1),(17,2,'Thiết lập mục tiêu, phong cách hoặc lĩnh vực ưu tiên cho AI',1),(17,3,'Đổi mật khẩu tài khoản thường xuyên để bảo mật',0),(17,4,'Tùy chỉnh phản hồi của AI dựa trên cách người dùng tương tác',1),(18,1,'Đúng ',1),(19,1,'Vì chatbot AI có thể thay thế hoàn toàn con người trong mọi lĩnh vực',0),(19,2,'Vì chỉ cần một công cụ AI là đủ để xử lý tất cả nội dung',1),(19,3,'Vì sự kết hợp giúp tạo ra nội dung đa dạng, hấp dẫn và hiệu quả hơn',1),(19,4,'Vì các công cụ AI hiện nay đều hoạt động độc lập, không thể tích hợp',0),(20,1,'Sắp xếp và phân loại tài liệu',1),(20,2,'Cập nhật cơ sở dữ liệu tài nguyên số',1),(20,3,'Thiết kế kiến trúc toà nhà thư viện',0),(20,4,'Lưu trữ và bảo quản tài liệu lâu dài',1),(21,1,'Đúng ',1),(22,1,'Mô tả chi tiết  ',0),(22,2,'Mô tả ngắn gọn ',0),(22,3,'Kết hợp AI tạo mô tả cho video cần làm và AI tạo hình ảnh/video ',0),(22,4,'Sử dụng chatbot AI nào cũng được ',1),(23,1,'Trả lời câu hỏi và hỗ trợ khách hàng',1),(23,2,'Viết nội dung, soạn thảo văn bản tự động',1),(23,3,'Chỉnh sửa ảnh độ phân giải cao',0),(23,4,'Lên ý tưởng và tạo dàn bài cho bài viết',1),(24,1,'Đúng ',1),(25,1,'Một loại chip xử lý dành cho máy học',0),(25,2,'Một mạng xã hội dành riêng cho người dùng AI',1),(25,3,'Một công cụ AI hỗ trợ tạo bài thuyết trình và tài liệu trực quan',1),(25,4,'Một phần mềm diệt virus sử dụng trí tuệ nhân tạo',0),(26,1,'Tạo bài thuyết trình trực quan chỉ trong vài phút',1),(26,2,'Viết nội dung và sắp xếp ý tưởng một cách logic',1),(26,3,'Lập trình ứng dụng di động phức tạp',0),(26,4,'Thiết kế bố cục trang trình bày một cách tự động',1),(27,1,'Đúng',1),(28,1,'Gửi yêu cầu hỗ trợ kỹ thuật',0),(28,2,'Cài đặt thêm phần mềm bên ngoài ',1),(28,3,'Click vào biểu tượng lựa chọn ngôn ngữ',1),(28,4,' Tự động cập nhật qua email',0),(29,1,'Tiếng Anh',1),(29,2,' Tiếng Việt',1),(29,3,'Tiếng Pháp và Tiếng Đức ,...',1),(29,4,'Chỉ tiếng Pháp và tiếng Đức',0),(30,1,'Đúng ',1),(31,1,'Tạo nội dung mới từ một ý tưởng trống',0),(31,2,'Dán văn bản sẵn có để tạo nội dung từ bản nháp',1),(31,3,'Dùng để tải hình ảnh vào bài thuyết trình ',0),(31,4,'Nhập đường link website để lấy nội dung',0),(32,1,'Dùng ảnh làm nền slide ',0),(32,2,'Để phân tích ',1),(32,3,'Tạo mới hoàn toàn nội dung bằng trí tưởng tượng',0),(32,4,'Tạo nội dung từ tài liệu có sẵn',1),(33,1,'Đúng ',1),(34,1,'Tự động vẽ hình minh họa',0),(34,2,'Phát triển ý tưởng thành bài luận hoặc thuyết trình đơn giản ',1),(34,3,'Gửi chủ đề cho chuyên gia chỉnh sửa',0),(34,4,'Dịch bài sang nhiều ngôn ngữ',0),(35,1,'Không thể xóa nội dung ngay lập tức',0),(35,2,'Trình chiếu nội dung ',1),(35,3,'Chỉnh sửa nội dung',1),(35,4,'Chia sẻ nội dùng ',1),(36,1,'Đúng ',1),(37,1,'Tạo slide trực tiếp trên Gamma mà không cần nội dung',0),(37,2,'Viết lại nội dung từ trí nhớ',1),(37,3,'Dùng ChatGPT để trích xuất nội dung từ ảnh ',1),(37,4,'Chỉnh sửa ảnh trong phần mềm đồ họa',0),(38,1,'Dán nội dung vào Gamma để tạo slide ',1),(38,2,'Sử dụng ChatGPT để viết lại nội dung theo dạng slide ',1),(38,3,'Mua phần mềm chỉnh sửa ảnh chuyên nghiệp',0),(38,4,'Trích xuất nội dung từ ảnh bằng ChatGPT',1),(39,1,'Sai',1),(40,1,'Khi học viên yêu cầu chỉnh sửa mà không cần lý do',0),(40,2,'Khi số lượng học viên đạt điểm cao quá nhiều',1),(40,3,'Khi phát hiện lỗi trong đề thi hoặc đáp án ban đầu',1),(40,4,'Khi muốn nâng điểm cho học viên để tăng tỷ lệ tốt nghiệp',0),(41,1,'Phát hiện sai sót trong đề thi hoặc đáp án gốc',1),(41,2,'Có minh chứng học viên bị lỗi hệ thống khi làm bài',1),(41,3,'Học viên không hài lòng với kết quả và yêu cầu sửa điểm',0),(41,4,'Cập nhật lại chuẩn đầu ra hoặc tiêu chí đánh giá',1),(42,1,'Đúng ',1),(43,1,'Pro',0),(43,2,' Premium',1),(43,3,'EDU',0),(43,4,'Basic',1),(44,1,'Tài khoản Google',1),(44,2,'Tài khoản Microsoft',1),(44,3,'Facebook',0),(44,4,'Email',1),(45,1,'kahoot.it',1),(46,1,'Settings',0),(46,2,'Add Question',1),(46,3,'Themes',0),(46,4,'Preview',0),(47,1,'Chèn hình ảnh minh họa vào câu hỏi',1),(47,2,'Đặt thời gian trả lời cho từng câu',1),(47,3,'Gửi email trực tiếp cho người chơi',0),(47,4,'Chọn chủ đề (theme) cho giao diện trò chơi',1),(48,1,'Themes ',1),(49,1,'Discover',0),(49,2,'Library',1),(49,3,'Create ',1),(49,4,'Reports',0),(50,1,'Nhập từ slide PowerPoint',1),(50,2,'Từ mẫu sẵn có',1),(50,3,'Tải lên file Excel',0),(50,4,'Viết từng câu hỏi mới',1),(51,1,'Poll, Slide',1),(52,1,'Quiz',0),(52,2,'Poll',1),(52,3,'Slide',0),(52,4,'Type Answer',1),(53,1,'Thời gian trả lời',1),(53,2,'Giao diện nền và màu sắc',1),(53,3,'Mức độ khó của câu hỏi (Easy/Hard)',0),(53,4,'Số lượng đáp án đúng',1),(54,1,'Add question',1),(55,1,'Multiple Choice (Trắc nghiệm nhiều lựa chọn)',0),(55,2,'True/False (Đúng/Sai)',1),(55,3,'Type Answer (Nhập câu trả lời)',1),(55,4,'Puzzle (Sắp xếp thứ tự đúng)',0),(56,1,'Thời gian trả lời câu hỏi',1),(56,2,'Số lượng ký tự trong tên người chơi',1),(56,3,'Số điểm cho mỗi câu hỏi',1),(56,4,'Hình ảnh hoặc video minh họa cho câu hỏi',1),(57,1,'Add question',1),(58,1,'No Points',0),(58,2,'Standard',1),(58,3,'Double Points',1),(58,4,'Speed Mode',0),(59,1,'Có thể chọn nhiều hơn một đáp án đúng trong câu hỏi Quiz',1),(59,2,'Có thể thay đổi điểm số từng câu hỏi',1),(59,3,'Không thể chỉnh sửa câu hỏi sau khi lưu',0),(59,4,'Có thể thay đổi thời gian trả lời từng câu hỏi',1),(60,1,'no points',1),(61,1,'Delete',0),(61,2,'Duplicate',1),(61,3,'Edit',1),(61,4,'Sort',0),(62,1,'Tạo câu hỏi mới trực tiếp',0),(62,2,'Sắp xếp và phân loại bài kiểm tra',1),(62,3,'Tạo thư mục lưu trữ',1),(62,4,'Xem điểm số chi tiết của người chơi',0),(63,1,'delete ',1),(64,1,'Assign (Student-paced)',0),(64,2,'Preview',1),(64,3,'Teach (Host live)',1),(64,4,'Library',0),(65,1,'Mã PIN được tạo tự động khi bắt đầu trò chơi',1),(65,2,'Học sinh phải nhập mã PIN để tham gia',1),(65,3,'Mã PIN có thể dùng lại nhiều lần trong tuần',0),(65,4,'Mã PIN sẽ hết hiệu lực khi kết thúc trò chơi',1),(66,1,'classic mode',1),(67,1,'Live',0),(67,2,'Classic',1),(67,3,'Assign',1),(67,4,'Teach',0),(68,1,'Thời hạn nộp bài ',1),(68,2,'Đổi câu hỏi trong bài quiz',1),(68,3,'Bật/tắt điểm số',1),(68,4,'Bắt buộc nhập tên thật',1),(69,1,'reports',1),(70,1,'.docx',0),(70,2,'.xlsx',1),(70,3,'.pdf',0),(70,4,'.csv',0),(71,1,'Giao bài tập về nhà',1),(71,2,'Gắn thẻ học sinh',1),(71,3,'Tạo chế độ chơi nhóm ',1),(71,4,'Báo cáo kết quả sau khi chơi',1),(72,1,'Truy cập kahoot.it và nhập mã PIN',1),(73,1,'Play',0),(73,2,'Library',1),(73,3,'Reports',1),(73,4,'Settings',0),(74,1,'Học sinh trả lời đúng/sai từng câu',1),(74,2,'Tổng số giờ học sinh đã học trên lớp',1),(74,3,'Tên người chơi',1),(74,4,'Thời gian hoàn thành bài kiểm tra',1),(75,1,'xlsx hoặc csv',1),(76,1,'Thanh địa chỉ (Address bar)',0),(76,2,'Trang chủ mặc định (Home page)',1),(76,3,'Trình chặn quảng cáo (Ad blocker)',1),(76,4,'Lịch sử duyệt web (Browsing history)',0),(77,1,'Đồng bộ hóa tài khoản người dùng',0),(77,2,'Trình chặn quảng cáo (Ad blocker)',1),(77,3,'Công cụ kiểm tra ngữ pháp (Grammar checker)',1),(77,4,'Tiện ích lưu mật khẩu (Password manager)',1),(78,1,'Đúng',1),(83,1,'Đúng',1);
/*!40000 ALTER TABLE `quizz_answer` ENABLE KEYS */;
UNLOCK TABLES;

--
-- Table structure for table `sessions`
--

DROP TABLE IF EXISTS `sessions`;
/*!40101 SET @saved_cs_client     = @@character_set_client */;
/*!50503 SET character_set_client = utf8mb4 */;
CREATE TABLE `sessions` (
  `session_id` varchar(128) CHARACTER SET utf8mb4 COLLATE utf8mb4_bin NOT NULL,
  `expires` int unsigned NOT NULL,
  `data` mediumtext CHARACTER SET utf8mb4 COLLATE utf8mb4_bin,
  PRIMARY KEY (`session_id`)
) ENGINE=InnoDB DEFAULT CHARSET=utf8mb4 COLLATE=utf8mb4_0900_ai_ci;
/*!40101 SET character_set_client = @saved_cs_client */;

--
-- Dumping data for table `sessions`
--

LOCK TABLES `sessions` WRITE;
/*!40000 ALTER TABLE `sessions` DISABLE KEYS */;
/*!40000 ALTER TABLE `sessions` ENABLE KEYS */;
UNLOCK TABLES;

--
-- Table structure for table `user_cmt`
--

DROP TABLE IF EXISTS `user_cmt`;
/*!40101 SET @saved_cs_client     = @@character_set_client */;
/*!50503 SET character_set_client = utf8mb4 */;
CREATE TABLE `user_cmt` (
  `email` varchar(100) NOT NULL,
  `id_cmt` int NOT NULL AUTO_INCREMENT,
  `time_cmt` datetime NOT NULL DEFAULT CURRENT_TIMESTAMP,
  `cmt_content` text CHARACTER SET utf8mb3 COLLATE utf8mb3_general_ci NOT NULL,
  PRIMARY KEY (`id_cmt`)
) ENGINE=InnoDB AUTO_INCREMENT=4 DEFAULT CHARSET=utf8mb4 COLLATE=utf8mb4_0900_ai_ci;
/*!40101 SET character_set_client = @saved_cs_client */;

--
-- Dumping data for table `user_cmt`
--

LOCK TABLES `user_cmt` WRITE;
/*!40000 ALTER TABLE `user_cmt` DISABLE KEYS */;
INSERT INTO `user_cmt` VALUES ('congchiss.it@gmail.com',1,'2025-05-30 14:07:26','hay!!!'),('congchiss.it@gmail.com',2,'2025-05-31 00:28:19','tuyệt quá'),('congchiss.it@gmail.com',3,'2025-05-31 00:29:54','rất bổ ích');
/*!40000 ALTER TABLE `user_cmt` ENABLE KEYS */;
UNLOCK TABLES;

--
-- Table structure for table `user_course`
--

DROP TABLE IF EXISTS `user_course`;
/*!40101 SET @saved_cs_client     = @@character_set_client */;
/*!50503 SET character_set_client = utf8mb4 */;
CREATE TABLE `user_course` (
  `email` varchar(100) NOT NULL,
  `roadmap` varchar(255) DEFAULT NULL,
  PRIMARY KEY (`email`),
  CONSTRAINT `fk_email` FOREIGN KEY (`email`) REFERENCES `user_data` (`email`) ON DELETE CASCADE ON UPDATE CASCADE
) ENGINE=InnoDB DEFAULT CHARSET=utf8mb4 COLLATE=utf8mb4_0900_ai_ci;
/*!40101 SET character_set_client = @saved_cs_client */;

--
-- Dumping data for table `user_course`
--

LOCK TABLES `user_course` WRITE;
/*!40000 ALTER TABLE `user_course` DISABLE KEYS */;
INSERT INTO `user_course` VALUES ('admin@gmail.com','cbai1cbaikh0khgm0gm'),('congchiss.it@gmail.com','cbai0cbaikh10khgm0gm'),('deptraikiller@gmail.com','cbai3cbaikh1khgm1gm');
/*!40000 ALTER TABLE `user_course` ENABLE KEYS */;
UNLOCK TABLES;

--
-- Table structure for table `user_data`
--

DROP TABLE IF EXISTS `user_data`;
/*!40101 SET @saved_cs_client     = @@character_set_client */;
/*!50503 SET character_set_client = utf8mb4 */;
CREATE TABLE `user_data` (
  `email` varchar(100) NOT NULL,
  `account` varchar(45) DEFAULT NULL,
  `username` tinytext NOT NULL,
  `password` varchar(255) NOT NULL,
  `time_create` date NOT NULL DEFAULT (curdate()),
  `google_id` varchar(255) DEFAULT NULL,
  `role` varchar(45) NOT NULL DEFAULT 'user',
  PRIMARY KEY (`email`),
  UNIQUE KEY `account_UNIQUE` (`account`),
  UNIQUE KEY `google_id_UNIQUE` (`google_id`)
) ENGINE=InnoDB DEFAULT CHARSET=utf8mb4 COLLATE=utf8mb4_0900_ai_ci;
/*!40101 SET character_set_client = @saved_cs_client */;

--
-- Dumping data for table `user_data`
--

LOCK TABLES `user_data` WRITE;
/*!40000 ALTER TABLE `user_data` DISABLE KEYS */;
INSERT INTO `user_data` VALUES ('admin@gmail.com','admin','Admin 1 hocAI','$2b$10$tPVXlm5RfLNXsU.F2MKHE.8SqzXjOyVbMQOnK6xS2KLzpK9OMTtTC','2025-05-21',NULL,'admin'),('congchiss.it@gmail.com','oidoioi','Cong Phan Chis','$2b$10$iu.1HPk5MZ1dJ.H44N5MU.jD7Dy6O2/VoVV5Bg0iemdvchy2ighAK','2025-05-08','100298456131348371411','user'),('deptraikiller@gmail.com','deptraiqua','ĐẸP TRAI TOP 1 BÁCH KHOA','$2b$10$KittM.nVNXf6FOwnLeFxluM.sWmFNYfxrw2CaoBAAAl..1ltqn81G','2025-05-08','117115578381710181267','user');
/*!40000 ALTER TABLE `user_data` ENABLE KEYS */;
UNLOCK TABLES;
/*!40103 SET TIME_ZONE=@OLD_TIME_ZONE */;

/*!40101 SET SQL_MODE=@OLD_SQL_MODE */;
/*!40014 SET FOREIGN_KEY_CHECKS=@OLD_FOREIGN_KEY_CHECKS */;
/*!40014 SET UNIQUE_CHECKS=@OLD_UNIQUE_CHECKS */;
/*!40101 SET CHARACTER_SET_CLIENT=@OLD_CHARACTER_SET_CLIENT */;
/*!40101 SET CHARACTER_SET_RESULTS=@OLD_CHARACTER_SET_RESULTS */;
/*!40101 SET COLLATION_CONNECTION=@OLD_COLLATION_CONNECTION */;
/*!40111 SET SQL_NOTES=@OLD_SQL_NOTES */;

-- Dump completed on 2025-06-02 16:41:47
